direction,time_window_start,tollgate_id,tsv
0.0,2016-09-19 06:00:00,1.0,25.293006206870718
0.0,2016-09-20 06:00:00,1.0,21.912918593634313
0.0,2016-09-21 06:00:00,1.0,23.359111531446896
0.0,2016-09-22 06:00:00,1.0,25.886246126315726
0.0,2016-09-23 06:00:00,1.0,19.04668862573849
0.0,2016-09-24 06:00:00,1.0,25.0231463134891
0.0,2016-09-25 06:00:00,1.0,19.74603494072669
0.0,2016-09-26 06:00:00,1.0,21.545822513098905
0.0,2016-09-27 06:00:00,1.0,21.15919893032858
0.0,2016-09-28 06:00:00,1.0,21.14477388760966
0.0,2016-09-29 06:00:00,1.0,25.24441292492531
0.0,2016-09-30 06:00:00,1.0,18.687743888570612
0.0,2016-10-01 06:00:00,1.0,23.961386085267605
0.0,2016-10-02 06:00:00,1.0,61.82275031244083
0.0,2016-10-03 06:00:00,1.0,20.004224061046646
0.0,2016-10-04 06:00:00,1.0,50.03824242183423
0.0,2016-10-05 06:00:00,1.0,32.26875407448982
0.0,2016-10-06 06:00:00,1.0,31.108174741102474
0.0,2016-10-07 06:00:00,1.0,30.83490517577649
0.0,2016-10-08 06:00:00,1.0,29.676475396743545
0.0,2016-10-09 06:00:00,1.0,23.99046731161422
0.0,2016-10-10 06:00:00,1.0,24.846098200383487
0.0,2016-10-11 06:00:00,1.0,21.77652816663874
0.0,2016-10-12 06:00:00,1.0,20.555560369022352
0.0,2016-10-13 06:00:00,1.0,21.35418045900112
0.0,2016-10-14 06:00:00,1.0,22.16546882972456
0.0,2016-10-15 06:00:00,1.0,21.3027384293319
0.0,2016-10-16 06:00:00,1.0,21.56100388467114
0.0,2016-10-17 06:00:00,1.0,20.56086824756118
0.0,2016-09-19 06:20:00,1.0,34.80339142330715
0.0,2016-09-20 06:20:00,1.0,30.05497395592684
0.0,2016-09-21 06:20:00,1.0,30.034312419657788
0.0,2016-09-22 06:20:00,1.0,32.650272089638364
0.0,2016-09-23 06:20:00,1.0,27.489324727080998
0.0,2016-09-24 06:20:00,1.0,29.604319513992593
0.0,2016-09-25 06:20:00,1.0,30.165412889040336
0.0,2016-09-26 06:20:00,1.0,28.444568896773877
0.0,2016-09-27 06:20:00,1.0,29.258580948493226
0.0,2016-09-28 06:20:00,1.0,28.173608485772792
0.0,2016-09-29 06:20:00,1.0,33.52764759995663
0.0,2016-09-30 06:20:00,1.0,29.78316288978506
0.0,2016-10-01 06:20:00,1.0,33.051346693414956
0.0,2016-10-02 06:20:00,1.0,71.33976649941803
0.0,2016-10-03 06:20:00,1.0,54.91219915930602
0.0,2016-10-04 06:20:00,1.0,69.43393732752321
0.0,2016-10-05 06:20:00,1.0,70.7672705552539
0.0,2016-10-06 06:20:00,1.0,57.885814093323994
0.0,2016-10-07 06:20:00,1.0,34.21031478157512
0.0,2016-10-08 06:20:00,1.0,19.50414405884264
0.0,2016-10-09 06:20:00,1.0,14.089237137339502
0.0,2016-10-10 06:20:00,1.0,25.587574280716403
0.0,2016-10-11 06:20:00,1.0,38.28763730885731
0.0,2016-10-12 06:20:00,1.0,43.95839219353425
0.0,2016-10-13 06:20:00,1.0,36.915673211193756
0.0,2016-10-14 06:20:00,1.0,26.389734305842055
0.0,2016-10-15 06:20:00,1.0,18.17581116446041
0.0,2016-10-16 06:20:00,1.0,17.320108283230585
0.0,2016-10-17 06:20:00,1.0,22.797156359576586
0.0,2016-09-19 06:40:00,1.0,45.48545740148527
0.0,2016-09-20 06:40:00,1.0,43.337511728291005
0.0,2016-09-21 06:40:00,1.0,41.75619499668509
0.0,2016-09-22 06:40:00,1.0,45.85257823629952
0.0,2016-09-23 06:40:00,1.0,42.630011727434564
0.0,2016-09-24 06:40:00,1.0,45.26737726999883
0.0,2016-09-25 06:40:00,1.0,44.7801071264779
0.0,2016-09-26 06:40:00,1.0,42.09843955181854
0.0,2016-09-27 06:40:00,1.0,38.833045427888955
0.0,2016-09-28 06:40:00,1.0,35.964262443059035
0.0,2016-09-29 06:40:00,1.0,38.526355745807656
0.0,2016-09-30 06:40:00,1.0,40.61889969116314
0.0,2016-10-01 06:40:00,1.0,45.27653859701718
0.0,2016-10-02 06:40:00,1.0,63.01773507165127
0.0,2016-10-03 06:40:00,1.0,62.78320290038103
0.0,2016-10-04 06:40:00,1.0,89.92017984225689
0.0,2016-10-05 06:40:00,1.0,96.16107207122971
0.0,2016-10-06 06:40:00,1.0,80.11514011000966
0.0,2016-10-07 06:40:00,1.0,52.544512184277224
0.0,2016-10-08 06:40:00,1.0,31.055549989537113
0.0,2016-10-09 06:40:00,1.0,21.38295717779491
0.0,2016-10-10 06:40:00,1.0,29.634202581591214
0.0,2016-10-11 06:40:00,1.0,40.72455869865832
0.0,2016-10-12 06:40:00,1.0,47.90325028139334
0.0,2016-10-13 06:40:00,1.0,47.45672006735619
0.0,2016-10-14 06:40:00,1.0,40.87303756572837
0.0,2016-10-15 06:40:00,1.0,31.284462013115405
0.0,2016-10-16 06:40:00,1.0,27.34033179724306
0.0,2016-10-17 06:40:00,1.0,28.108010503984843
0.0,2016-09-19 07:00:00,1.0,56.99626700302549
0.0,2016-09-20 07:00:00,1.0,49.79129558590498
0.0,2016-09-21 07:00:00,1.0,49.95141858839891
0.0,2016-09-22 07:00:00,1.0,64.40394330935555
0.0,2016-09-23 07:00:00,1.0,35.20004306962748
0.0,2016-09-24 07:00:00,1.0,57.49953596645959
0.0,2016-09-25 07:00:00,1.0,36.50062639906828
0.0,2016-09-26 07:00:00,1.0,40.998933676606924
0.0,2016-09-27 07:00:00,1.0,49.681826353170635
0.0,2016-09-28 07:00:00,1.0,49.58590492605855
0.0,2016-09-29 07:00:00,1.0,71.60939939840144
0.0,2016-09-30 07:00:00,1.0,34.59178631980913
0.0,2016-10-01 07:00:00,1.0,62.00331790707966
0.0,2016-10-02 07:00:00,1.0,146.07988777115713
0.0,2016-10-03 07:00:00,1.0,59.8183420186471
0.0,2016-10-04 07:00:00,1.0,122.18111187709772
0.0,2016-10-05 07:00:00,1.0,81.08224839203294
0.0,2016-10-06 07:00:00,1.0,73.95296986105306
0.0,2016-10-07 07:00:00,1.0,73.19620153111539
0.0,2016-10-08 07:00:00,1.0,76.30203116561445
0.0,2016-10-09 07:00:00,1.0,38.61272692044434
0.0,2016-10-10 07:00:00,1.0,60.67914408209279
0.0,2016-10-11 07:00:00,1.0,37.04900873329779
0.0,2016-10-12 07:00:00,1.0,44.912974424662536
0.0,2016-10-13 07:00:00,1.0,41.364554462536276
0.0,2016-10-14 07:00:00,1.0,44.65608445715573
0.0,2016-10-15 07:00:00,1.0,38.13059060243832
0.0,2016-10-16 07:00:00,1.0,49.631836207467856
0.0,2016-10-17 07:00:00,1.0,33.087137294334696
0.0,2016-09-19 07:20:00,1.0,61.57611182454634
0.0,2016-09-20 07:20:00,1.0,46.864315793382076
0.0,2016-09-21 07:20:00,1.0,46.558682416978556
0.0,2016-09-22 07:20:00,1.0,69.33526804928788
0.0,2016-09-23 07:20:00,1.0,41.59965061304834
0.0,2016-09-24 07:20:00,1.0,63.67236687844016
0.0,2016-09-25 07:20:00,1.0,38.64872904341259
0.0,2016-09-26 07:20:00,1.0,44.60902768275109
0.0,2016-09-27 07:20:00,1.0,47.699898599835
0.0,2016-09-28 07:20:00,1.0,51.05493329019028
0.0,2016-09-29 07:20:00,1.0,66.95222489531778
0.0,2016-09-30 07:20:00,1.0,40.919262355331945
0.0,2016-10-01 07:20:00,1.0,55.504868970839084
0.0,2016-10-02 07:20:00,1.0,149.9923547597194
0.0,2016-10-03 07:20:00,1.0,82.38191886899432
0.0,2016-10-04 07:20:00,1.0,128.50263679087524
0.0,2016-10-05 07:20:00,1.0,89.12110013740138
0.0,2016-10-06 07:20:00,1.0,86.27696000212066
0.0,2016-10-07 07:20:00,1.0,94.93292398646707
0.0,2016-10-08 07:20:00,1.0,85.96503437653374
0.0,2016-10-09 07:20:00,1.0,53.09001237803139
0.0,2016-10-10 07:20:00,1.0,55.69504167771504
0.0,2016-10-11 07:20:00,1.0,43.761973731666075
0.0,2016-10-12 07:20:00,1.0,48.53029677327312
0.0,2016-10-13 07:20:00,1.0,42.82230977158497
0.0,2016-10-14 07:20:00,1.0,53.28599185706496
0.0,2016-10-15 07:20:00,1.0,38.410448096414775
0.0,2016-10-16 07:20:00,1.0,61.18367502978692
0.0,2016-10-17 07:20:00,1.0,35.62957918397769
0.0,2016-09-20 07:40:00,1.0,0.0292421990096976
0.0,2016-09-21 07:40:00,1.0,3.1451788057123267
0.0,2016-09-22 07:40:00,1.0,-18.16789107752635
0.0,2016-09-23 07:40:00,1.0,-2.222092266058727
0.0,2016-09-24 07:40:00,1.0,24.66311335304202
0.0,2016-09-25 07:40:00,1.0,-13.7989327096582
0.0,2016-09-26 07:40:00,1.0,17.380513985583633
0.0,2016-09-27 07:40:00,1.0,-9.727366266052194
0.0,2016-09-28 07:40:00,1.0,4.91937780666143
0.0,2016-09-29 07:40:00,1.0,-19.73932596848197
0.0,2016-09-30 07:40:00,1.0,-1.8963868778642237
0.0,2016-10-01 07:40:00,1.0,27.82234326171192
0.0,2016-10-02 07:40:00,1.0,-84.21663163070387
0.0,2016-10-03 07:40:00,1.0,-48.0241173320652
0.0,2016-10-04 07:40:00,1.0,22.355570601372268
0.0,2016-10-05 07:40:00,1.0,-32.29038181240496
0.0,2016-10-06 07:40:00,1.0,0.7454386100289314
0.0,2016-10-07 07:40:00,1.0,-22.137067916025156
0.0,2016-10-08 07:40:00,1.0,5.823552640955214
0.0,2016-10-09 07:40:00,1.0,27.454251687904648
0.0,2016-10-10 07:40:00,1.0,21.076526289336012
0.0,2016-10-11 07:40:00,1.0,0.9103760697877892
0.0,2016-10-12 07:40:00,1.0,9.091269362520322
0.0,2016-10-13 07:40:00,1.0,2.2882654676290564
0.0,2016-10-14 07:40:00,1.0,12.440052224532149
0.0,2016-10-15 07:40:00,1.0,6.232038502806443
0.0,2016-10-16 07:40:00,1.0,13.632387630810374
0.0,2016-10-17 07:40:00,1.0,-6.174348380287968
0.0,2016-09-20 15:00:00,1.0,-0.15551148455074326
0.0,2016-09-21 15:00:00,1.0,-0.4122703023415859
0.0,2016-09-22 15:00:00,1.0,-2.9231203305600317
0.0,2016-09-23 15:00:00,1.0,3.639926037297414
0.0,2016-09-24 15:00:00,1.0,-1.2649811559556898
0.0,2016-09-25 15:00:00,1.0,-2.1269607204155534
0.0,2016-09-26 15:00:00,1.0,5.16869683329125
0.0,2016-09-27 15:00:00,1.0,-9.936000236784233
0.0,2016-09-28 15:00:00,1.0,11.920593569732688
0.0,2016-09-29 15:00:00,1.0,-3.784564915066561
0.0,2016-09-30 15:00:00,1.0,-12.532368572998351
0.0,2016-10-01 15:00:00,1.0,17.816175929661725
0.0,2016-10-02 15:00:00,1.0,-6.736262230489864
0.0,2016-10-03 15:00:00,1.0,-21.25342779770118
0.0,2016-10-04 15:00:00,1.0,18.30965680885239
0.0,2016-10-05 15:00:00,1.0,-4.395421003281008
0.0,2016-10-06 15:00:00,1.0,-9.223868969428016
0.0,2016-10-07 15:00:00,1.0,10.285238115561924
0.0,2016-10-08 15:00:00,1.0,-15.844653851266429
0.0,2016-10-09 15:00:00,1.0,10.908620443784281
0.0,2016-10-10 15:00:00,1.0,12.059494377528312
0.0,2016-10-11 15:00:00,1.0,-5.8808431066788565
0.0,2016-10-12 15:00:00,1.0,-3.4646526004829896
0.0,2016-10-13 15:00:00,1.0,10.927368361109243
0.0,2016-10-14 15:00:00,1.0,-13.421159722548872
0.0,2016-10-15 15:00:00,1.0,12.154358247709787
0.0,2016-10-16 15:00:00,1.0,-12.39409847595531
0.0,2016-10-17 15:00:00,1.0,6.1957416143990685
0.0,2016-09-20 15:20:00,1.0,1.4056016577770531
0.0,2016-09-21 15:20:00,1.0,-2.405955709335405
0.0,2016-09-22 15:20:00,1.0,22.25392100573754
0.0,2016-09-23 15:20:00,1.0,5.150174829204875
0.0,2016-09-24 15:20:00,1.0,-6.124908181802725
0.0,2016-09-25 15:20:00,1.0,17.05533562919895
0.0,2016-09-26 15:20:00,1.0,14.649762197432182
0.0,2016-09-27 15:20:00,1.0,0.6109728429076622
0.0,2016-09-28 15:20:00,1.0,9.705268668740679
0.0,2016-09-29 15:20:00,1.0,-951.1204076124876
0.0,2016-09-30 15:20:00,1.0,41.60343926352502
0.0,2016-10-01 15:20:00,1.0,-1.2647287528748024
0.0,2016-10-02 15:20:00,1.0,36.21431003208953
0.0,2016-10-03 15:20:00,1.0,114.7327247650269
0.0,2016-10-04 15:20:00,1.0,-4.2929729333145445
0.0,2016-10-05 15:20:00,1.0,-15.12610275332937
0.0,2016-10-06 15:20:00,1.0,11.458733487789878
0.0,2016-10-07 15:20:00,1.0,47.67029986247664
0.0,2016-10-08 15:20:00,1.0,9.940983580077813
0.0,2016-10-09 15:20:00,1.0,38.836263197616304
0.0,2016-10-10 15:20:00,1.0,12.192371362099273
0.0,2016-10-11 15:20:00,1.0,0.2567707448346219
0.0,2016-10-12 15:20:00,1.0,-6.991249421749375
0.0,2016-10-13 15:20:00,1.0,-4.1709279027713695
0.0,2016-10-14 15:20:00,1.0,34.419434766023656
0.0,2016-10-15 15:20:00,1.0,-21.315818048871954
0.0,2016-10-16 15:20:00,1.0,2.7649696678699573
0.0,2016-10-17 15:20:00,1.0,9.943421691010716
0.0,2016-09-20 15:40:00,1.0,0.025999065147448874
0.0,2016-09-21 15:40:00,1.0,-3.464481588495591
0.0,2016-09-22 15:40:00,1.0,2.2438960687053946
0.0,2016-09-23 15:40:00,1.0,-4.660043198354359
0.0,2016-09-24 15:40:00,1.0,0.6840153669470084
0.0,2016-09-25 15:40:00,1.0,-3.4624529881646176
0.0,2016-09-26 15:40:00,1.0,-0.8315541759237277
0.0,2016-09-27 15:40:00,1.0,4.114245782494101
0.0,2016-09-28 15:40:00,1.0,-2.818082633429377
0.0,2016-09-29 15:40:00,1.0,-1.1621738416600564
0.0,2016-09-30 15:40:00,1.0,0.01506613717521077
0.0,2016-10-01 15:40:00,1.0,-14.501065163290377
0.0,2016-10-02 15:40:00,1.0,-5.217790733507823
0.0,2016-10-03 15:40:00,1.0,-25.251723099442202
0.0,2016-10-04 15:40:00,1.0,-8.295293316754766
0.0,2016-10-05 15:40:00,1.0,-15.501595211588395
0.0,2016-10-06 15:40:00,1.0,-22.08008601366919
0.0,2016-10-07 15:40:00,1.0,-5.91432299721197
0.0,2016-10-08 15:40:00,1.0,-25.56866277698947
0.0,2016-10-09 15:40:00,1.0,13.343006618453014
0.0,2016-10-10 15:40:00,1.0,-1.5519172282858538
0.0,2016-10-11 15:40:00,1.0,14.721741264799107
0.0,2016-10-12 15:40:00,1.0,1.163103305674131
0.0,2016-10-13 15:40:00,1.0,6.587479694869259
0.0,2016-10-14 15:40:00,1.0,13.695694326689257
0.0,2016-10-15 15:40:00,1.0,-7.774491258370092
0.0,2016-10-16 15:40:00,1.0,17.99485277612053
0.0,2016-10-17 15:40:00,1.0,-11.596239469702667
0.0,2016-09-20 16:00:00,1.0,0.7027552299168178
0.0,2016-09-21 16:00:00,1.0,1.0839522731376334
0.0,2016-09-22 16:00:00,1.0,-0.2544937543852601
0.0,2016-09-23 16:00:00,1.0,0.9115839159787598
0.0,2016-09-24 16:00:00,1.0,1.3800384622249662
0.0,2016-09-25 16:00:00,1.0,-4.8804547072241435
0.0,2016-09-26 16:00:00,1.0,-2.6199867743725846
0.0,2016-09-27 16:00:00,1.0,-1.7144990724641946
0.0,2016-09-28 16:00:00,1.0,3.693468849391259
0.0,2016-09-29 16:00:00,1.0,6.5189109350211965
0.0,2016-09-30 16:00:00,1.0,-17.41054136764727
0.0,2016-10-01 16:00:00,1.0,10.351536182344859
0.0,2016-10-02 16:00:00,1.0,5.116249546492426
0.0,2016-10-03 16:00:00,1.0,-47.3684838337933
0.0,2016-10-04 16:00:00,1.0,15.076295873658609
0.0,2016-10-05 16:00:00,1.0,-7.0770278235874216
0.0,2016-10-06 16:00:00,1.0,-27.92238235776475
0.0,2016-10-07 16:00:00,1.0,-8.21628511534616
0.0,2016-10-08 16:00:00,1.0,-29.312806207903733
0.0,2016-10-09 16:00:00,1.0,-4.884524369671862
0.0,2016-10-10 16:00:00,1.0,7.15904694060877
0.0,2016-10-11 16:00:00,1.0,23.31081883603962
0.0,2016-10-12 16:00:00,1.0,-6.25509962391383
0.0,2016-10-13 16:00:00,1.0,15.105242596150681
0.0,2016-10-14 16:00:00,1.0,9.537608073428087
0.0,2016-10-15 16:00:00,1.0,2.9584225422616957
0.0,2016-10-16 16:00:00,1.0,12.48751299544294
0.0,2016-10-17 16:00:00,1.0,-1.029098064564245
0.0,2016-09-20 16:20:00,1.0,0.35880763114075087
0.0,2016-09-21 16:20:00,1.0,1.3027508518677031
0.0,2016-09-22 16:20:00,1.0,-3.6363563128328877
0.0,2016-09-23 16:20:00,1.0,4.882953854499938
0.0,2016-09-24 16:20:00,1.0,-0.17420620902115758
0.0,2016-09-25 16:20:00,1.0,-10.328191463198795
0.0,2016-09-26 16:20:00,1.0,9.506585182006948
0.0,2016-09-27 16:20:00,1.0,-10.73379298340755
0.0,2016-09-28 16:20:00,1.0,10.1511696199602
0.0,2016-09-29 16:20:00,1.0,-0.8642251316565535
0.0,2016-09-30 16:20:00,1.0,-15.418775330705898
0.0,2016-10-01 16:20:00,1.0,30.517510848330318
0.0,2016-10-02 16:20:00,1.0,-33.32906614353186
0.0,2016-10-03 16:20:00,1.0,-9.871652148682198
0.0,2016-10-04 16:20:00,1.0,-18.03195042944772
0.0,2016-10-05 16:20:00,1.0,15.371306229480414
0.0,2016-10-06 16:20:00,1.0,-46.657182619003024
0.0,2016-10-07 16:20:00,1.0,-1.334790537058126
0.0,2016-10-08 16:20:00,1.0,-36.72540161476455
0.0,2016-10-09 16:20:00,1.0,1.0395712346626054
0.0,2016-10-10 16:20:00,1.0,15.302457265415537
0.0,2016-10-11 16:20:00,1.0,2.4864380912711
0.0,2016-10-12 16:20:00,1.0,13.053323145708411
0.0,2016-10-13 16:20:00,1.0,1.9847064327888573
0.0,2016-10-14 16:20:00,1.0,14.68498519587167
0.0,2016-10-15 16:20:00,1.0,3.3815566564058717
0.0,2016-10-16 16:20:00,1.0,2.828477408674125
0.0,2016-10-17 16:20:00,1.0,5.364895583095201
0.0,2016-09-20 16:40:00,1.0,0.06043217230551878
0.0,2016-09-21 16:40:00,1.0,0.66102794114278
0.0,2016-09-22 16:40:00,1.0,1.628206458940662
0.0,2016-09-23 16:40:00,1.0,0.8883376361420656
0.0,2016-09-24 16:40:00,1.0,1.9490459299947647
0.0,2016-09-25 16:40:00,1.0,-0.35435038190311374
0.0,2016-09-26 16:40:00,1.0,-1.720209305254187
0.0,2016-09-27 16:40:00,1.0,-3.393769099004878
0.0,2016-09-28 16:40:00,1.0,7.06945783075173
0.0,2016-09-29 16:40:00,1.0,-4.955074935798473
0.0,2016-09-30 16:40:00,1.0,7.085711078137308
0.0,2016-10-01 16:40:00,1.0,-12.391777437487988
0.0,2016-10-02 16:40:00,1.0,-18.215797342951916
0.0,2016-10-03 16:40:00,1.0,-15.833978418912457
0.0,2016-10-04 16:40:00,1.0,-0.9480246143734661
0.0,2016-10-05 16:40:00,1.0,-21.699756685821583
0.0,2016-10-06 16:40:00,1.0,-34.81670447824799
0.0,2016-10-07 16:40:00,1.0,-5.601925870034105
0.0,2016-10-08 16:40:00,1.0,-22.97258561406781
0.0,2016-10-09 16:40:00,1.0,4.6269032931398515
0.0,2016-10-10 16:40:00,1.0,24.091819850075353
0.0,2016-10-11 16:40:00,1.0,-4.682547430183625
0.0,2016-10-12 16:40:00,1.0,24.405372731399808
0.0,2016-10-13 16:40:00,1.0,-10.11285606803218
0.0,2016-10-14 16:40:00,1.0,21.698534797590682
0.0,2016-10-15 16:40:00,1.0,-10.969949943054896
0.0,2016-10-16 16:40:00,1.0,16.4618950210641
0.0,2016-10-17 16:40:00,1.0,-10.695728341915519
1.0,2016-09-20 06:00:00,1.0,0.06529441208082964
1.0,2016-09-21 06:00:00,1.0,-3.670353832951113
1.0,2016-09-22 06:00:00,1.0,4.995947992930514
1.0,2016-09-23 06:00:00,1.0,-1.3361604325574383
1.0,2016-09-24 06:00:00,1.0,6.600327526544561
1.0,2016-09-25 06:00:00,1.0,-5.628801501076957
1.0,2016-09-26 06:00:00,1.0,-1.782463404503952
1.0,2016-09-27 06:00:00,1.0,9.954976372159399
1.0,2016-09-28 06:00:00,1.0,-9.521037562632605
1.0,2016-09-29 06:00:00,1.0,1.4265446349750128
1.0,2016-09-30 06:00:00,1.0,8.12085389723813
1.0,2016-10-01 06:00:00,1.0,-9.895502257795094
1.0,2016-10-02 06:00:00,1.0,17.33018145871455
1.0,2016-10-03 06:00:00,1.0,1.2203578938754651
1.0,2016-10-04 06:00:00,1.0,-6.590607506072752
1.0,2016-10-05 06:00:00,1.0,13.514861435301865
1.0,2016-10-06 06:00:00,1.0,4.305840032653684
1.0,2016-10-07 06:00:00,1.0,-8.796028934071488
1.0,2016-10-08 06:00:00,1.0,9.359213863082267
1.0,2016-10-09 06:00:00,1.0,1.7322492214340002
1.0,2016-10-10 06:00:00,1.0,-6.331973443210454
1.0,2016-10-11 06:00:00,1.0,2.4384145630129828
1.0,2016-10-12 06:00:00,1.0,2.350219058485372
1.0,2016-10-13 06:00:00,1.0,-4.753114640327855
1.0,2016-10-14 06:00:00,1.0,-1.9885868357905387
1.0,2016-10-15 06:00:00,1.0,5.657187677898051
1.0,2016-10-16 06:00:00,1.0,-7.3183110434994525
1.0,2016-10-17 06:00:00,1.0,0.14651019336390725
1.0,2016-09-20 06:20:00,1.0,0.06139511346802329
1.0,2016-09-21 06:20:00,1.0,-0.91008709027051
1.0,2016-09-22 06:20:00,1.0,4.613504073537941
1.0,2016-09-23 06:20:00,1.0,-5.096890698263378
1.0,2016-09-24 06:20:00,1.0,-0.889832508468773
1.0,2016-09-25 06:20:00,1.0,0.30065241318722613
1.0,2016-09-26 06:20:00,1.0,7.825743197937201
1.0,2016-09-27 06:20:00,1.0,-5.002694796787313
1.0,2016-09-28 06:20:00,1.0,-3.300356169700879
1.0,2016-09-29 06:20:00,1.0,-3.090849543106561
1.0,2016-09-30 06:20:00,1.0,17.38346980270922
1.0,2016-10-01 06:20:00,1.0,-3.77177042960966
1.0,2016-10-02 06:20:00,1.0,11.801864345679332
1.0,2016-10-03 06:20:00,1.0,-14.082269883844097
1.0,2016-10-04 06:20:00,1.0,11.561354601161103
1.0,2016-10-05 06:20:00,1.0,-2.408668394021472
1.0,2016-10-06 06:20:00,1.0,-0.5093379561324554
1.0,2016-10-07 06:20:00,1.0,-2.446838340034713
1.0,2016-10-08 06:20:00,1.0,0.5300157138968604
1.0,2016-10-09 06:20:00,1.0,-3.287932112499968
1.0,2016-10-10 06:20:00,1.0,-1.121436528523681
1.0,2016-10-11 06:20:00,1.0,-12.118898128986945
1.0,2016-10-12 06:20:00,1.0,7.821172419574591
1.0,2016-10-13 06:20:00,1.0,5.0891154714724625
1.0,2016-10-14 06:20:00,1.0,1.952122618257145
1.0,2016-10-15 06:20:00,1.0,-7.268421791097584
1.0,2016-10-16 06:20:00,1.0,-0.04575055843028508
1.0,2016-10-17 06:20:00,1.0,10.79571499658628
1.0,2016-09-20 06:40:00,1.0,-0.06346263625860038
1.0,2016-09-21 06:40:00,1.0,0.9559873532831917
1.0,2016-09-22 06:40:00,1.0,-0.3852039033082608
1.0,2016-09-23 06:40:00,1.0,3.8767025009871694
1.0,2016-09-24 06:40:00,1.0,0.1616648347981136
1.0,2016-09-25 06:40:00,1.0,-1.091504901174748
1.0,2016-09-26 06:40:00,1.0,1.0567411731182101
1.0,2016-09-27 06:40:00,1.0,-0.6408195017338354
1.0,2016-09-28 06:40:00,1.0,-4.9895133952957025
1.0,2016-09-29 06:40:00,1.0,11.891398866616607
1.0,2016-09-30 06:40:00,1.0,5.535452523210122
1.0,2016-10-01 06:40:00,1.0,-5.4664771456228465
1.0,2016-10-02 06:40:00,1.0,20.698092501159202
1.0,2016-10-03 06:40:00,1.0,2.7084741468966373
1.0,2016-10-04 06:40:00,1.0,-4.327645347011879
1.0,2016-10-05 06:40:00,1.0,-1.0245750750954872
1.0,2016-10-06 06:40:00,1.0,11.241177757474759
1.0,2016-10-07 06:40:00,1.0,11.541692757191234
1.0,2016-10-08 06:40:00,1.0,7.838919587010576
1.0,2016-10-09 06:40:00,1.0,-18.37381163643117
1.0,2016-10-10 06:40:00,1.0,-3.6602573810518013
1.0,2016-10-11 06:40:00,1.0,4.080123434468394
1.0,2016-10-12 06:40:00,1.0,9.896571441562505
1.0,2016-10-13 06:40:00,1.0,-2.7291670655752682
1.0,2016-10-14 06:40:00,1.0,-13.988790368426642
1.0,2016-10-15 06:40:00,1.0,-0.5888493931673744
1.0,2016-10-16 06:40:00,1.0,1.8402070830509136
1.0,2016-10-17 06:40:00,1.0,2.5230628604590706
1.0,2016-09-20 07:00:00,1.0,0.3309866978314595
1.0,2016-09-21 07:00:00,1.0,-4.28322738081286
1.0,2016-09-22 07:00:00,1.0,1.4755241156175867
1.0,2016-09-23 07:00:00,1.0,2.1957908408586384
1.0,2016-09-24 07:00:00,1.0,-0.12175311941936151
1.0,2016-09-25 07:00:00,1.0,4.479698316457789
1.0,2016-09-26 07:00:00,1.0,5.272412826682242
1.0,2016-09-27 07:00:00,1.0,-8.279710869585536
1.0,2016-09-28 07:00:00,1.0,-1.0195576368962094
1.0,2016-09-29 07:00:00,1.0,-0.8818567428012614
1.0,2016-09-30 07:00:00,1.0,12.143872549704124
1.0,2016-10-01 07:00:00,1.0,-0.1274719776783968
1.0,2016-10-02 07:00:00,1.0,13.186341444810465
1.0,2016-10-03 07:00:00,1.0,0.8341414580288558
1.0,2016-10-04 07:00:00,1.0,-12.197056194959698
1.0,2016-10-05 07:00:00,1.0,-16.00052689414886
1.0,2016-10-06 07:00:00,1.0,-11.842665368004528
1.0,2016-10-07 07:00:00,1.0,5.0872562013416305
1.0,2016-10-08 07:00:00,1.0,7.682175273569037
1.0,2016-10-09 07:00:00,1.0,-3.0457100831191553
1.0,2016-10-10 07:00:00,1.0,3.0380849150744926
1.0,2016-10-11 07:00:00,1.0,8.186941812614702
1.0,2016-10-12 07:00:00,1.0,6.2541344148360265
1.0,2016-10-13 07:00:00,1.0,1.3592285629897614
1.0,2016-10-14 07:00:00,1.0,-3.182121200930002
1.0,2016-10-15 07:00:00,1.0,0.9210913796920579
1.0,2016-10-16 07:00:00,1.0,7.728689403444129
1.0,2016-10-17 07:00:00,1.0,7.771138006977587
1.0,2016-09-20 07:20:00,1.0,0.3477290867684317
1.0,2016-09-21 07:20:00,1.0,-13.241105342167337
1.0,2016-09-22 07:20:00,1.0,6.80512772617964
1.0,2016-09-23 07:20:00,1.0,6.712257042865799
1.0,2016-09-24 07:20:00,1.0,2.3132116536528464
1.0,2016-09-25 07:20:00,1.0,9.833395265603514
1.0,2016-09-26 07:20:00,1.0,-2.439090886070815
1.0,2016-09-27 07:20:00,1.0,-24.1344386780399
1.0,2016-09-28 07:20:00,1.0,-2.35614713536868
1.0,2016-09-29 07:20:00,1.0,20.90148418814396
1.0,2016-09-30 07:20:00,1.0,20.95073168257228
1.0,2016-10-01 07:20:00,1.0,-16.724388564482524
1.0,2016-10-02 07:20:00,1.0,25.254331076715253
1.0,2016-10-03 07:20:00,1.0,-3.012313281039549
1.0,2016-10-04 07:20:00,1.0,-20.065089382666063
1.0,2016-10-05 07:20:00,1.0,-26.39865617599395
1.0,2016-10-06 07:20:00,1.0,-11.393581923631748
1.0,2016-10-07 07:20:00,1.0,6.698331807142544
1.0,2016-10-08 07:20:00,1.0,21.29721034288231
1.0,2016-10-09 07:20:00,1.0,-13.175813493309546
1.0,2016-10-10 07:20:00,1.0,2.792825957768617
1.0,2016-10-11 07:20:00,1.0,1.8276599237118383
1.0,2016-10-12 07:20:00,1.0,14.615326979420999
1.0,2016-10-13 07:20:00,1.0,19.49024520534885
1.0,2016-10-14 07:20:00,1.0,-0.05351063009282342
1.0,2016-10-15 07:20:00,1.0,-2.9829383417805144
1.0,2016-10-16 07:20:00,1.0,-11.09326979459528
1.0,2016-10-17 07:20:00,1.0,-1.0450092638157429
1.0,2016-09-20 07:40:00,1.0,-0.5950644224997639
1.0,2016-09-21 07:40:00,1.0,-8.60004354954794
1.0,2016-09-22 07:40:00,1.0,13.411337304067368
1.0,2016-09-23 07:40:00,1.0,1.6845530707185894
1.0,2016-09-24 07:40:00,1.0,4.5764282552232824
1.0,2016-09-25 07:40:00,1.0,-3.105141366313987
1.0,2016-09-26 07:40:00,1.0,17.64215996068885
1.0,2016-09-27 07:40:00,1.0,-15.76979348273944
1.0,2016-09-28 07:40:00,1.0,-0.8266993239553235
1.0,2016-09-29 07:40:00,1.0,0.5015104891654438
1.0,2016-09-30 07:40:00,1.0,9.999842962015146
1.0,2016-10-01 07:40:00,1.0,-2.2194398782357894
1.0,2016-10-02 07:40:00,1.0,38.356768999291155
1.0,2016-10-03 07:40:00,1.0,10.145386363762391
1.0,2016-10-04 07:40:00,1.0,16.359236268208342
1.0,2016-10-05 07:40:00,1.0,9.71106477753848
1.0,2016-10-06 07:40:00,1.0,10.301565686278769
1.0,2016-10-07 07:40:00,1.0,12.10013207055964
1.0,2016-10-08 07:40:00,1.0,5.0678357297695555
1.0,2016-10-09 07:40:00,1.0,-21.222642699445448
1.0,2016-10-10 07:40:00,1.0,-4.01820864442854
1.0,2016-10-11 07:40:00,1.0,-28.418554895077847
1.0,2016-10-12 07:40:00,1.0,9.938863143000928
1.0,2016-10-13 07:40:00,1.0,-8.469152883482902
1.0,2016-10-14 07:40:00,1.0,-6.768869722546363
1.0,2016-10-15 07:40:00,1.0,-13.076996504108777
1.0,2016-10-16 07:40:00,1.0,13.017581935990762
1.0,2016-10-17 07:40:00,1.0,15.622350889230319
1.0,2016-09-20 15:00:00,1.0,0.5345358024864943
1.0,2016-09-21 15:00:00,1.0,0.42989290361538224
1.0,2016-09-22 15:00:00,1.0,-4.598891215333054
1.0,2016-09-23 15:00:00,1.0,0.0200047254801472
1.0,2016-09-24 15:00:00,1.0,0.5182575902951698
1.0,2016-09-25 15:00:00,1.0,-4.449746191504895
1.0,2016-09-26 15:00:00,1.0,4.485701903475861
1.0,2016-09-27 15:00:00,1.0,-0.5355860942975532
1.0,2016-09-28 15:00:00,1.0,-9.230508026340832
1.0,2016-09-29 15:00:00,1.0,6.567796239974861
1.0,2016-09-30 15:00:00,1.0,4.172721946204906
1.0,2016-10-01 15:00:00,1.0,-11.24351667903585
1.0,2016-10-02 15:00:00,1.0,26.93215789654422
1.0,2016-10-03 15:00:00,1.0,16.489256950869876
1.0,2016-10-04 15:00:00,1.0,-3.403869498899647
1.0,2016-10-05 15:00:00,1.0,24.838172965551696
1.0,2016-10-06 15:00:00,1.0,6.993756857419438
1.0,2016-10-07 15:00:00,1.0,3.815262716739281
1.0,2016-10-08 15:00:00,1.0,23.234846296646666
1.0,2016-10-09 15:00:00,1.0,-15.30317068469882
1.0,2016-10-10 15:00:00,1.0,-3.059233397848317
1.0,2016-10-11 15:00:00,1.0,11.187158895673324
1.0,2016-10-12 15:00:00,1.0,-16.208507260671837
1.0,2016-10-13 15:00:00,1.0,3.374360487404471
1.0,2016-10-14 15:00:00,1.0,4.049348302009889
1.0,2016-10-15 15:00:00,1.0,-21.433151905844813
1.0,2016-10-16 15:00:00,1.0,5.696057671309071
1.0,2016-10-17 15:00:00,1.0,-5.260033341029821
1.0,2016-09-20 15:20:00,1.0,-0.5866055615510177
1.0,2016-09-21 15:20:00,1.0,3.188185076146432
1.0,2016-09-22 15:20:00,1.0,-5.928815063753746
1.0,2016-09-23 15:20:00,1.0,-2.206517295438498
1.0,2016-09-24 15:20:00,1.0,2.4796087107511617
1.0,2016-09-25 15:20:00,1.0,0.6402090223645942
1.0,2016-09-26 15:20:00,1.0,0.06430282545003907
1.0,2016-09-27 15:20:00,1.0,-1.6350480310433575
1.0,2016-09-28 15:20:00,1.0,1.2816077827028762
1.0,2016-09-29 15:20:00,1.0,-2.1409474961977892
1.0,2016-09-30 15:20:00,1.0,5.290572195568039
1.0,2016-10-01 15:20:00,1.0,-12.296072236766747
1.0,2016-10-02 15:20:00,1.0,14.80701892104485
1.0,2016-10-03 15:20:00,1.0,-10.360309594737853
1.0,2016-10-04 15:20:00,1.0,-4.058442901120392
1.0,2016-10-05 15:20:00,1.0,-1.754242143148312
1.0,2016-10-06 15:20:00,1.0,-0.028878036023849418
1.0,2016-10-07 15:20:00,1.0,-1.6131124539232928
1.0,2016-10-08 15:20:00,1.0,0.09332565786081659
1.0,2016-10-09 15:20:00,1.0,-10.880481760731598
1.0,2016-10-10 15:20:00,1.0,9.135168856081266
1.0,2016-10-11 15:20:00,1.0,-0.40308887121218717
1.0,2016-10-12 15:20:00,1.0,5.582212650417068
1.0,2016-10-13 15:20:00,1.0,-3.5182070283070637
1.0,2016-10-14 15:20:00,1.0,2.9465225432415423
1.0,2016-10-15 15:20:00,1.0,-6.236622342930016
1.0,2016-10-16 15:20:00,1.0,6.909208532582571
1.0,2016-10-17 15:20:00,1.0,-8.000508204275029
1.0,2016-09-20 15:40:00,1.0,0.7144020341548085
1.0,2016-09-21 15:40:00,1.0,4.931984555644075
1.0,2016-09-22 15:40:00,1.0,-3.4702859358403844
1.0,2016-09-23 15:40:00,1.0,6.995792285812492
1.0,2016-09-24 15:40:00,1.0,-9.52626252557244
1.0,2016-09-25 15:40:00,1.0,2.1016824141258894
1.0,2016-09-26 15:40:00,1.0,-7.092141819651655
1.0,2016-09-27 15:40:00,1.0,13.527659610384069
1.0,2016-09-28 15:40:00,1.0,-4.361402493958501
1.0,2016-09-29 15:40:00,1.0,14.222835524625273
1.0,2016-09-30 15:40:00,1.0,-14.217001609365688
1.0,2016-10-01 15:40:00,1.0,8.020717995293907
1.0,2016-10-02 15:40:00,1.0,9.873609439604484
1.0,2016-10-03 15:40:00,1.0,5.604273702873829
1.0,2016-10-04 15:40:00,1.0,12.887702594886532
1.0,2016-10-05 15:40:00,1.0,-10.582839011169865
1.0,2016-10-06 15:40:00,1.0,-3.7516091834266287
1.0,2016-10-07 15:40:00,1.0,-5.701202070554551
1.0,2016-10-08 15:40:00,1.0,8.164401868024257
1.0,2016-10-09 15:40:00,1.0,-5.646878006313184
1.0,2016-10-10 15:40:00,1.0,1.6005353390129216
1.0,2016-10-11 15:40:00,1.0,-14.342413676644966
1.0,2016-10-12 15:40:00,1.0,1.3784674064204132
1.0,2016-10-13 15:40:00,1.0,9.996414462247063
1.0,2016-10-14 15:40:00,1.0,13.699160086393857
1.0,2016-10-15 15:40:00,1.0,-10.796333001896198
1.0,2016-10-16 15:40:00,1.0,-3.4521440315233605
1.0,2016-10-17 15:40:00,1.0,-11.613035857069521
1.0,2016-09-20 16:00:00,1.0,-0.10049967827731265
1.0,2016-09-21 16:00:00,1.0,8.24354918913664
1.0,2016-09-22 16:00:00,1.0,-9.769226863433417
1.0,2016-09-23 16:00:00,1.0,8.894759720815538
1.0,2016-09-24 16:00:00,1.0,-6.846722738628348
1.0,2016-09-25 16:00:00,1.0,5.676894637671602
1.0,2016-09-26 16:00:00,1.0,-6.977144432676354
1.0,2016-09-27 16:00:00,1.0,2.7464047358522414
1.0,2016-09-28 16:00:00,1.0,10.468469706771895
1.0,2016-09-29 16:00:00,1.0,-22.029313543768026
1.0,2016-09-30 16:00:00,1.0,21.023080207903593
1.0,2016-10-01 16:00:00,1.0,-12.52766954529099
1.0,2016-10-02 16:00:00,1.0,11.976561663491186
1.0,2016-10-03 16:00:00,1.0,-22.16319455092125
1.0,2016-10-04 16:00:00,1.0,23.887991452176838
1.0,2016-10-05 16:00:00,1.0,-6.803643622908206
1.0,2016-10-06 16:00:00,1.0,-3.5166349551681773
1.0,2016-10-07 16:00:00,1.0,-8.132185450521721
1.0,2016-10-08 16:00:00,1.0,18.850312373171647
1.0,2016-10-09 16:00:00,1.0,-18.920105320241227
1.0,2016-10-10 16:00:00,1.0,24.542171227086165
1.0,2016-10-11 16:00:00,1.0,-32.97886299725638
1.0,2016-10-12 16:00:00,1.0,29.575301312660148
1.0,2016-10-13 16:00:00,1.0,-23.575956609805278
1.0,2016-10-14 16:00:00,1.0,24.302130031225214
1.0,2016-10-15 16:00:00,1.0,-28.13939920245705
1.0,2016-10-16 16:00:00,1.0,23.217703876162282
1.0,2016-10-17 16:00:00,1.0,-15.725931642733382
1.0,2016-09-20 16:20:00,1.0,-0.4788797947629426
1.0,2016-09-21 16:20:00,1.0,4.53151270001266
1.0,2016-09-22 16:20:00,1.0,8.701159818410527
1.0,2016-09-23 16:20:00,1.0,-5.6402583028520095
1.0,2016-09-24 16:20:00,1.0,-7.4735592284338885
1.0,2016-09-25 16:20:00,1.0,-0.7855321735560636
1.0,2016-09-26 16:20:00,1.0,8.17127255010681
1.0,2016-09-27 16:20:00,1.0,-11.239104367421165
1.0,2016-09-28 16:20:00,1.0,9.739814370996498
1.0,2016-09-29 16:20:00,1.0,6.6978120378137795
1.0,2016-09-30 16:20:00,1.0,3.1362719380942066
1.0,2016-10-01 16:20:00,1.0,-34.05015068309598
1.0,2016-10-02 16:20:00,1.0,30.775683875832193
1.0,2016-10-03 16:20:00,1.0,29.833354516204977
1.0,2016-10-04 16:20:00,1.0,-12.175589920826518
1.0,2016-10-05 16:20:00,1.0,-29.28692143289204
1.0,2016-10-06 16:20:00,1.0,-19.898626215300876
1.0,2016-10-07 16:20:00,1.0,5.0255440164960135
1.0,2016-10-08 16:20:00,1.0,24.061964307624763
1.0,2016-10-09 16:20:00,1.0,3.3178041311063247
1.0,2016-10-10 16:20:00,1.0,-32.43406143548104
1.0,2016-10-11 16:20:00,1.0,6.412126655228768
1.0,2016-10-12 16:20:00,1.0,7.746345819150649
1.0,2016-10-13 16:20:00,1.0,4.5774807052125155
1.0,2016-10-14 16:20:00,1.0,-4.542447444186829
1.0,2016-10-15 16:20:00,1.0,-9.22170041580737
1.0,2016-10-16 16:20:00,1.0,7.470129764662337
1.0,2016-10-17 16:20:00,1.0,12.427114503096643
1.0,2016-09-20 16:40:00,1.0,0.1412875631777446
1.0,2016-09-21 16:40:00,1.0,3.9497599444213756
1.0,2016-09-22 16:40:00,1.0,0.24814703104443936
1.0,2016-09-23 16:40:00,1.0,-6.787033175429088
1.0,2016-09-24 16:40:00,1.0,-2.6244390105491213
1.0,2016-09-25 16:40:00,1.0,6.805119966247666
1.0,2016-09-26 16:40:00,1.0,-1.6458882177274585
1.0,2016-09-27 16:40:00,1.0,1.683241425458501
1.0,2016-09-28 16:40:00,1.0,0.5281682591758781
1.0,2016-09-29 16:40:00,1.0,7.159098146160955
1.0,2016-09-30 16:40:00,1.0,3.756263032194287
1.0,2016-10-01 16:40:00,1.0,-18.663434265302385
1.0,2016-10-02 16:40:00,1.0,17.51557467900673
1.0,2016-10-03 16:40:00,1.0,-2.2800507401514762
1.0,2016-10-04 16:40:00,1.0,-16.892551628445496
1.0,2016-10-05 16:40:00,1.0,-20.134190918076825
1.0,2016-10-06 16:40:00,1.0,-8.897263051696157
1.0,2016-10-07 16:40:00,1.0,10.051867604946237
1.0,2016-10-08 16:40:00,1.0,17.584422139547023
1.0,2016-10-09 16:40:00,1.0,-4.144684473778149
1.0,2016-10-10 16:40:00,1.0,-8.843019947407914
1.0,2016-10-11 16:40:00,1.0,14.598331156340851
1.0,2016-10-12 16:40:00,1.0,18.696169472174212
1.0,2016-10-13 16:40:00,1.0,10.110246775734296
1.0,2016-10-14 16:40:00,1.0,1.0034283924046914
1.0,2016-10-15 16:40:00,1.0,-13.397880401864803
1.0,2016-10-16 16:40:00,1.0,-12.979751607353393
1.0,2016-10-17 16:40:00,1.0,-6.639000948900529
0.0,2016-09-19 06:00:00,2.0,20.450585764411603
0.0,2016-09-20 06:00:00,2.0,22.5828003078463
0.0,2016-09-21 06:00:00,2.0,24.825681713549212
0.0,2016-09-22 06:00:00,2.0,21.691368510438487
0.0,2016-09-23 06:00:00,2.0,17.363481331186247
0.0,2016-09-24 06:00:00,2.0,18.97206598435887
0.0,2016-09-25 06:00:00,2.0,28.07912733833551
0.0,2016-09-26 06:00:00,2.0,27.59974866189323
0.0,2016-09-27 06:00:00,2.0,21.86981159585045
0.0,2016-09-28 06:00:00,2.0,15.444213280291851
0.0,2016-09-29 06:00:00,2.0,18.115775894465106
0.0,2016-09-30 06:00:00,2.0,17.271515324955043
0.0,2016-10-01 06:00:00,2.0,20.59950916408389
0.0,2016-10-02 06:00:00,2.0,26.202940725961838
0.0,2016-10-03 06:00:00,2.0,25.601548606884155
0.0,2016-10-04 06:00:00,2.0,15.08270933982695
0.0,2016-10-05 06:00:00,2.0,8.267931608255044
0.0,2016-10-06 06:00:00,2.0,4.670030312039447
0.0,2016-10-07 06:00:00,2.0,16.393450384655466
0.0,2016-10-08 06:00:00,2.0,19.077584995692956
0.0,2016-10-09 06:00:00,2.0,20.843020604021333
0.0,2016-10-10 06:00:00,2.0,19.282730378116437
0.0,2016-10-11 06:00:00,2.0,27.598406434008417
0.0,2016-10-12 06:00:00,2.0,23.407823634074983
0.0,2016-10-13 06:00:00,2.0,23.025686573583467
0.0,2016-10-14 06:00:00,2.0,19.36090439812201
0.0,2016-10-15 06:00:00,2.0,23.282111178165522
0.0,2016-10-16 06:00:00,2.0,18.496580753840377
0.0,2016-10-17 06:00:00,2.0,20.28893114186471
0.0,2016-09-19 06:20:00,2.0,25.659217574931017
0.0,2016-09-20 06:20:00,2.0,29.299999796676264
0.0,2016-09-21 06:20:00,2.0,27.95982313803409
0.0,2016-09-22 06:20:00,2.0,22.025618132193422
0.0,2016-09-23 06:20:00,2.0,28.98499821732147
0.0,2016-09-24 06:20:00,2.0,24.48140041908176
0.0,2016-09-25 06:20:00,2.0,26.314585279398266
0.0,2016-09-26 06:20:00,2.0,29.293808599095044
0.0,2016-09-27 06:20:00,2.0,30.78693273771043
0.0,2016-09-28 06:20:00,2.0,24.412734669875803
0.0,2016-09-29 06:20:00,2.0,24.834812901395644
0.0,2016-09-30 06:20:00,2.0,25.57897156965297
0.0,2016-10-01 06:20:00,2.0,24.14793719028995
0.0,2016-10-02 06:20:00,2.0,17.22151657039381
0.0,2016-10-03 06:20:00,2.0,33.18091159214826
0.0,2016-10-04 06:20:00,2.0,18.075458324559573
0.0,2016-10-05 06:20:00,2.0,11.238368057316038
0.0,2016-10-06 06:20:00,2.0,18.251859046664737
0.0,2016-10-07 06:20:00,2.0,15.6939801078458
0.0,2016-10-08 06:20:00,2.0,8.722074938317089
0.0,2016-10-09 06:20:00,2.0,22.32101654046349
0.0,2016-10-10 06:20:00,2.0,28.64850768903792
0.0,2016-10-11 06:20:00,2.0,25.290013947849907
0.0,2016-10-12 06:20:00,2.0,26.789799026133476
0.0,2016-10-13 06:20:00,2.0,30.72258961464815
0.0,2016-10-14 06:20:00,2.0,35.557198330102814
0.0,2016-10-15 06:20:00,2.0,30.966330550315043
0.0,2016-10-16 06:20:00,2.0,26.838669006085375
0.0,2016-10-17 06:20:00,2.0,33.23476203804184
0.0,2016-09-19 06:40:00,2.0,36.305355876088285
0.0,2016-09-20 06:40:00,2.0,36.5643438383835
0.0,2016-09-21 06:40:00,2.0,41.65587932632873
0.0,2016-09-22 06:40:00,2.0,33.50907483539462
0.0,2016-09-23 06:40:00,2.0,35.20045287145646
0.0,2016-09-24 06:40:00,2.0,38.244215270026054
0.0,2016-09-25 06:40:00,2.0,42.139796629731634
0.0,2016-09-26 06:40:00,2.0,38.17507472863936
0.0,2016-09-27 06:40:00,2.0,45.85648849411183
0.0,2016-09-28 06:40:00,2.0,43.46749256246306
0.0,2016-09-29 06:40:00,2.0,39.62450758540269
0.0,2016-09-30 06:40:00,2.0,33.926255301506416
0.0,2016-10-01 06:40:00,2.0,38.35943879819199
0.0,2016-10-02 06:40:00,2.0,32.32308189090716
0.0,2016-10-03 06:40:00,2.0,36.29002697676691
0.0,2016-10-04 06:40:00,2.0,25.176140429530708
0.0,2016-10-05 06:40:00,2.0,22.30352812582966
0.0,2016-10-06 06:40:00,2.0,16.85625799286694
0.0,2016-10-07 06:40:00,2.0,17.112473063532924
0.0,2016-10-08 06:40:00,2.0,17.038177063026733
0.0,2016-10-09 06:40:00,2.0,26.24171009813687
0.0,2016-10-10 06:40:00,2.0,34.49700486966968
0.0,2016-10-11 06:40:00,2.0,41.583654635868164
0.0,2016-10-12 06:40:00,2.0,43.845663955506076
0.0,2016-10-13 06:40:00,2.0,42.97420557089025
0.0,2016-10-14 06:40:00,2.0,47.741521428619734
0.0,2016-10-15 06:40:00,2.0,45.36866169363453
0.0,2016-10-16 06:40:00,2.0,41.89051903106063
0.0,2016-10-17 06:40:00,2.0,36.76602897462161
0.0,2016-09-19 07:00:00,2.0,56.11762453796946
0.0,2016-09-20 07:00:00,2.0,67.89123984304969
0.0,2016-09-21 07:00:00,2.0,72.82344896158173
0.0,2016-09-22 07:00:00,2.0,65.07166061177871
0.0,2016-09-23 07:00:00,2.0,52.785372778459035
0.0,2016-09-24 07:00:00,2.0,54.66997185850836
0.0,2016-09-25 07:00:00,2.0,63.24137116063771
0.0,2016-09-26 07:00:00,2.0,56.752215257837776
0.0,2016-09-27 07:00:00,2.0,46.95143104208543
0.0,2016-09-28 07:00:00,2.0,55.58100303946405
0.0,2016-09-29 07:00:00,2.0,60.26973157964848
0.0,2016-09-30 07:00:00,2.0,52.249899738759886
0.0,2016-10-01 07:00:00,2.0,56.47572761645835
0.0,2016-10-02 07:00:00,2.0,62.85877497081773
0.0,2016-10-03 07:00:00,2.0,49.38970509908888
0.0,2016-10-04 07:00:00,2.0,34.48722545060233
0.0,2016-10-05 07:00:00,2.0,16.255351094447853
0.0,2016-10-06 07:00:00,2.0,3.8127156180648285
0.0,2016-10-07 07:00:00,2.0,14.02705816097071
0.0,2016-10-08 07:00:00,2.0,27.705182524680623
0.0,2016-10-09 07:00:00,2.0,46.14491213364763
0.0,2016-10-10 07:00:00,2.0,74.17586311854939
0.0,2016-10-11 07:00:00,2.0,93.88715416630588
0.0,2016-10-12 07:00:00,2.0,88.62252396574713
0.0,2016-10-13 07:00:00,2.0,80.89031803455698
0.0,2016-10-14 07:00:00,2.0,65.8594849301595
0.0,2016-10-15 07:00:00,2.0,67.14542050607747
0.0,2016-10-16 07:00:00,2.0,67.6951940438521
0.0,2016-10-17 07:00:00,2.0,60.96282951068453
0.0,2016-09-20 07:20:00,2.0,1.745372202755819
0.0,2016-09-21 07:20:00,2.0,1.1793084101330962
0.0,2016-09-22 07:20:00,2.0,9.176376958207527
0.0,2016-09-23 07:20:00,2.0,9.762135663141123
0.0,2016-09-24 07:20:00,2.0,-16.395432204602507
0.0,2016-09-25 07:20:00,2.0,2.081718012403581
0.0,2016-09-26 07:20:00,2.0,24.76143761136634
0.0,2016-09-27 07:20:00,2.0,-11.091885556757486
0.0,2016-09-28 07:20:00,2.0,-20.66624455280999
0.0,2016-09-29 07:20:00,2.0,28.477093821104543
0.0,2016-09-30 07:20:00,2.0,15.356879521326958
0.0,2016-10-01 07:20:00,2.0,-30.022584841343644
0.0,2016-10-02 07:20:00,2.0,9.11211210684589
0.0,2016-10-03 07:20:00,2.0,36.641012227975445
0.0,2016-10-04 07:20:00,2.0,-14.687019415770607
0.0,2016-10-05 07:20:00,2.0,-20.111543169976308
0.0,2016-10-06 07:20:00,2.0,27.478730634887416
0.0,2016-10-07 07:20:00,2.0,9.878628697021043
0.0,2016-10-08 07:20:00,2.0,-25.29613065356361
0.0,2016-10-09 07:20:00,2.0,-0.11850219118313632
0.0,2016-10-10 07:20:00,2.0,17.833855393066862
0.0,2016-10-11 07:20:00,2.0,-11.301576310747778
0.0,2016-10-12 07:20:00,2.0,-8.99116380181866
0.0,2016-10-13 07:20:00,2.0,20.57754222841921
0.0,2016-10-14 07:20:00,2.0,3.972734324228073
0.0,2016-10-15 07:20:00,2.0,-15.76078833333986
0.0,2016-10-16 07:20:00,2.0,12.839175373164446
0.0,2016-10-17 07:20:00,2.0,16.49862197931401
0.0,2016-09-20 07:40:00,2.0,-0.4515958067559427
0.0,2016-09-21 07:40:00,2.0,0.315340389707913
0.0,2016-09-22 07:40:00,2.0,16.409165339834217
0.0,2016-09-23 07:40:00,2.0,4.519107448259668
0.0,2016-09-24 07:40:00,2.0,-27.652777420342534
0.0,2016-09-25 07:40:00,2.0,-0.4858905042519197
0.0,2016-09-26 07:40:00,2.0,26.881093875078875
0.0,2016-09-27 07:40:00,2.0,-10.6273760610932
0.0,2016-09-28 07:40:00,2.0,-22.857333114662666
0.0,2016-09-29 07:40:00,2.0,34.81248642354755
0.0,2016-09-30 07:40:00,2.0,9.783214050421275
0.0,2016-10-01 07:40:00,2.0,-42.41728381157786
0.0,2016-10-02 07:40:00,2.0,10.104617580926158
0.0,2016-10-03 07:40:00,2.0,37.86045850713762
0.0,2016-10-04 07:40:00,2.0,1.4059327973019582
0.0,2016-10-05 07:40:00,2.0,-35.26116524801165
0.0,2016-10-06 07:40:00,2.0,-33.230572012368356
0.0,2016-10-07 07:40:00,2.0,-3.222902618944381
0.0,2016-10-08 07:40:00,2.0,29.135753595734215
0.0,2016-10-09 07:40:00,2.0,-9.99860825048506
0.0,2016-10-10 07:40:00,2.0,-20.274115508742653
0.0,2016-10-11 07:40:00,2.0,11.591859047100318
0.0,2016-10-12 07:40:00,2.0,37.79597482631779
0.0,2016-10-13 07:40:00,2.0,16.68538212418736
0.0,2016-10-14 07:40:00,2.0,-32.76039679760786
0.0,2016-10-15 07:40:00,2.0,-16.86668407016681
0.0,2016-10-16 07:40:00,2.0,27.19362302291742
0.0,2016-10-17 07:40:00,2.0,32.48433631461959
0.0,2016-09-19 15:00:00,2.0,52.8983525671955
0.0,2016-09-20 15:00:00,2.0,75.92243281600787
0.0,2016-09-21 15:00:00,2.0,46.18616970307899
0.0,2016-09-22 15:00:00,2.0,53.266658300887656
0.0,2016-09-23 15:00:00,2.0,53.854466486071715
0.0,2016-09-24 15:00:00,2.0,87.58964720216754
0.0,2016-09-25 15:00:00,2.0,74.32335195899299
0.0,2016-09-26 15:00:00,2.0,81.94136472953882
0.0,2016-09-27 15:00:00,2.0,67.21733196564799
0.0,2016-09-28 15:00:00,2.0,57.527784110602845
0.0,2016-09-29 15:00:00,2.0,20.734007200134684
0.0,2016-09-30 15:00:00,2.0,52.151669589609895
0.0,2016-10-01 15:00:00,2.0,72.08634233151189
0.0,2016-10-02 15:00:00,2.0,13.837880964961364
0.0,2016-10-03 15:00:00,2.0,9.375567604083223
0.0,2016-10-04 15:00:00,2.0,10.088291564084201
0.0,2016-10-05 15:00:00,2.0,-290.0939072704599
0.0,2016-10-06 15:00:00,2.0,23.055411849559448
0.0,2016-10-07 15:00:00,2.0,35.13948985922559
0.0,2016-10-08 15:00:00,2.0,27.721493416399603
0.0,2016-10-09 15:00:00,2.0,69.74402574764221
0.0,2016-10-10 15:00:00,2.0,80.94305413390128
0.0,2016-10-11 15:00:00,2.0,79.11884967793347
0.0,2016-10-12 15:00:00,2.0,87.07733862852996
0.0,2016-10-13 15:00:00,2.0,79.53356568776984
0.0,2016-10-14 15:00:00,2.0,91.66892710076084
0.0,2016-10-15 15:00:00,2.0,87.70945865201426
0.0,2016-10-16 15:00:00,2.0,88.31730114948675
0.0,2016-10-17 15:00:00,2.0,106.11027895435494
0.0,2016-09-19 15:20:00,2.0,56.77314738427497
0.0,2016-09-20 15:20:00,2.0,66.5868809765805
0.0,2016-09-21 15:20:00,2.0,70.01216830542545
0.0,2016-09-22 15:20:00,2.0,83.71887133075586
0.0,2016-09-23 15:20:00,2.0,76.23288240411841
0.0,2016-09-24 15:20:00,2.0,86.76334508539037
0.0,2016-09-25 15:20:00,2.0,86.12965283982125
0.0,2016-09-26 15:20:00,2.0,90.2188587983334
0.0,2016-09-27 15:20:00,2.0,75.65785601754489
0.0,2016-09-28 15:20:00,2.0,70.62519800706872
0.0,2016-09-29 15:20:00,2.0,43.56150925453212
0.0,2016-09-30 15:20:00,2.0,46.60700444695361
0.0,2016-10-01 15:20:00,2.0,61.24052959898074
0.0,2016-10-02 15:20:00,2.0,37.7944656638504
0.0,2016-10-03 15:20:00,2.0,24.435532607854114
0.0,2016-10-04 15:20:00,2.0,18.937287209908817
0.0,2016-10-05 15:20:00,2.0,19.42595776903807
0.0,2016-10-06 15:20:00,2.0,23.328991459729544
0.0,2016-10-07 15:20:00,2.0,30.825910744746746
0.0,2016-10-08 15:20:00,2.0,40.875947260981015
0.0,2016-10-09 15:20:00,2.0,55.75892070446997
0.0,2016-10-10 15:20:00,2.0,66.89138924767752
0.0,2016-10-11 15:20:00,2.0,76.5576343442102
0.0,2016-10-12 15:20:00,2.0,83.75627905638763
0.0,2016-10-13 15:20:00,2.0,88.98336598951241
0.0,2016-10-14 15:20:00,2.0,94.36420978543731
0.0,2016-10-15 15:20:00,2.0,90.39232937719038
0.0,2016-10-16 15:20:00,2.0,101.82036399284863
0.0,2016-10-17 15:20:00,2.0,63.26206947413477
0.0,2016-09-19 15:40:00,2.0,56.50128182717613
0.0,2016-09-20 15:40:00,2.0,64.54514651057316
0.0,2016-09-21 15:40:00,2.0,60.953334938513436
0.0,2016-09-22 15:40:00,2.0,67.61500919867824
0.0,2016-09-23 15:40:00,2.0,59.42956588820094
0.0,2016-09-24 15:40:00,2.0,73.04878047604466
0.0,2016-09-25 15:40:00,2.0,71.82242915479038
0.0,2016-09-26 15:40:00,2.0,62.37170352968624
0.0,2016-09-27 15:40:00,2.0,67.6731153889152
0.0,2016-09-28 15:40:00,2.0,58.005919118091896
0.0,2016-09-29 15:40:00,2.0,28.385337871241056
0.0,2016-09-30 15:40:00,2.0,89.28672190700236
0.0,2016-10-01 15:40:00,2.0,82.44900933198213
0.0,2016-10-02 15:40:00,2.0,24.955514908203888
0.0,2016-10-03 15:40:00,2.0,48.102766075473006
0.0,2016-10-04 15:40:00,2.0,7.111503346450107
0.0,2016-10-05 15:40:00,2.0,59.67918385334226
0.0,2016-10-06 15:40:00,2.0,29.55570462871944
0.0,2016-10-07 15:40:00,2.0,21.474587627154108
0.0,2016-10-08 15:40:00,2.0,56.426985951798414
0.0,2016-10-09 15:40:00,2.0,62.86234903553202
0.0,2016-10-10 15:40:00,2.0,49.73790881787816
0.0,2016-10-11 15:40:00,2.0,83.71815536514877
0.0,2016-10-12 15:40:00,2.0,55.53220667596958
0.0,2016-10-13 15:40:00,2.0,58.32871141097018
0.0,2016-10-14 15:40:00,2.0,81.22059577282565
0.0,2016-10-15 15:40:00,2.0,63.5767376644556
0.0,2016-10-16 15:40:00,2.0,69.1510180672852
0.0,2016-10-17 15:40:00,2.0,74.64442240671205
0.0,2016-09-19 16:00:00,2.0,59.11858428099687
0.0,2016-09-20 16:00:00,2.0,66.81902011188556
0.0,2016-09-21 16:00:00,2.0,69.78965041937852
0.0,2016-09-22 16:00:00,2.0,64.22461028460748
0.0,2016-09-23 16:00:00,2.0,59.76706620971805
0.0,2016-09-24 16:00:00,2.0,68.65685639900657
0.0,2016-09-25 16:00:00,2.0,67.74343094132772
0.0,2016-09-26 16:00:00,2.0,65.4543465562866
0.0,2016-09-27 16:00:00,2.0,62.71553211525081
0.0,2016-09-28 16:00:00,2.0,65.98412685912379
0.0,2016-09-29 16:00:00,2.0,42.95334884961696
0.0,2016-09-30 16:00:00,2.0,67.16406043462499
0.0,2016-10-01 16:00:00,2.0,75.9408964332353
0.0,2016-10-02 16:00:00,2.0,35.26628499186245
0.0,2016-10-03 16:00:00,2.0,53.95631333370837
0.0,2016-10-04 16:00:00,2.0,35.073285614478884
0.0,2016-10-05 16:00:00,2.0,40.1094239501413
0.0,2016-10-06 16:00:00,2.0,29.837369218684266
0.0,2016-10-07 16:00:00,2.0,29.689475048931527
0.0,2016-10-08 16:00:00,2.0,27.56730529031949
0.0,2016-10-09 16:00:00,2.0,50.012591155248046
0.0,2016-10-10 16:00:00,2.0,50.552615069275156
0.0,2016-10-11 16:00:00,2.0,71.72612288282662
0.0,2016-10-12 16:00:00,2.0,72.18792079417581
0.0,2016-10-13 16:00:00,2.0,84.74324900735303
0.0,2016-10-14 16:00:00,2.0,84.68046109509879
0.0,2016-10-15 16:00:00,2.0,88.15394819182964
0.0,2016-10-16 16:00:00,2.0,73.72050306666571
0.0,2016-10-17 16:00:00,2.0,71.02822327383775
0.0,2016-09-20 16:20:00,2.0,0.3248295962055767
0.0,2016-09-21 16:20:00,2.0,3.2032268643992023
0.0,2016-09-22 16:20:00,2.0,1.8954217542828218
0.0,2016-09-23 16:20:00,2.0,-4.721157101757626
0.0,2016-09-24 16:20:00,2.0,-7.422664455292711
0.0,2016-09-25 16:20:00,2.0,2.8443733363622172
0.0,2016-09-26 16:20:00,2.0,2.1960631395877996
0.0,2016-09-27 16:20:00,2.0,7.4269643518437665
0.0,2016-09-28 16:20:00,2.0,10.106472204500847
0.0,2016-09-29 16:20:00,2.0,21.46981955176726
0.0,2016-09-30 16:20:00,2.0,-4.300868293685824
0.0,2016-10-01 16:20:00,2.0,-43.136518217694686
0.0,2016-10-02 16:20:00,2.0,24.288671027091183
0.0,2016-10-03 16:20:00,2.0,40.727743913558115
0.0,2016-10-04 16:20:00,2.0,24.9929197318967
0.0,2016-10-05 16:20:00,2.0,3.6597940254641372
0.0,2016-10-06 16:20:00,2.0,-9.62507312700935
0.0,2016-10-07 16:20:00,2.0,-8.19447497091252
0.0,2016-10-08 16:20:00,2.0,2.504615004198868
0.0,2016-10-09 16:20:00,2.0,-17.729880497104674
0.0,2016-10-10 16:20:00,2.0,-18.07194567780835
0.0,2016-10-11 16:20:00,2.0,-7.153414681429894
0.0,2016-10-12 16:20:00,2.0,-6.926916395436444
0.0,2016-10-13 16:20:00,2.0,4.454319012918013
0.0,2016-10-14 16:20:00,2.0,-0.8910484554752252
0.0,2016-10-15 16:20:00,2.0,-6.849776531766963
0.0,2016-10-16 16:20:00,2.0,-0.9783800774105345
0.0,2016-10-17 16:20:00,2.0,-3.3671310203766582
0.0,2016-09-20 16:40:00,2.0,-0.8720292389412805
0.0,2016-09-21 16:40:00,2.0,6.37821908536263
0.0,2016-09-22 16:40:00,2.0,-5.44178460260508
0.0,2016-09-23 16:40:00,2.0,-0.4743895317199538
0.0,2016-09-24 16:40:00,2.0,-7.451535443154288
0.0,2016-09-25 16:40:00,2.0,0.905916616610396
0.0,2016-09-26 16:40:00,2.0,3.8187412289418
0.0,2016-09-27 16:40:00,2.0,1.5593953033337407
0.0,2016-09-28 16:40:00,2.0,1.6196328790021077
0.0,2016-09-29 16:40:00,2.0,-0.30685046728399
0.0,2016-09-30 16:40:00,2.0,-0.8303998695018109
0.0,2016-10-01 16:40:00,2.0,-20.475987059290375
0.0,2016-10-02 16:40:00,2.0,25.070153771844545
0.0,2016-10-03 16:40:00,2.0,17.17129514271879
0.0,2016-10-04 16:40:00,2.0,21.14909028312423
0.0,2016-10-05 16:40:00,2.0,16.851474678616526
0.0,2016-10-06 16:40:00,2.0,11.259913868185954
0.0,2016-10-07 16:40:00,2.0,18.770382534604558
0.0,2016-10-08 16:40:00,2.0,9.231475447298983
0.0,2016-10-09 16:40:00,2.0,1.49052002329881
0.0,2016-10-10 16:40:00,2.0,-7.433923704466476
0.0,2016-10-11 16:40:00,2.0,-10.131998823980616
0.0,2016-10-12 16:40:00,2.0,-4.278326696071456
0.0,2016-10-13 16:40:00,2.0,-13.395841870027953
0.0,2016-10-14 16:40:00,2.0,-3.005937422653375
0.0,2016-10-15 16:40:00,2.0,-14.544470558967895
0.0,2016-10-16 16:40:00,2.0,-10.968039562189974
0.0,2016-10-17 16:40:00,2.0,-4.92560072513181
0.0,2016-09-19 06:00:00,3.0,32.28461852497506
0.0,2016-09-20 06:00:00,3.0,34.013705458351964
0.0,2016-09-21 06:00:00,3.0,31.00547749622714
0.0,2016-09-22 06:00:00,3.0,30.362366929400682
0.0,2016-09-23 06:00:00,3.0,31.113236398248716
0.0,2016-09-24 06:00:00,3.0,31.481779735278778
0.0,2016-09-25 06:00:00,3.0,34.593407837349815
0.0,2016-09-26 06:00:00,3.0,35.115822534437285
0.0,2016-09-27 06:00:00,3.0,33.339305567889284
0.0,2016-09-28 06:00:00,3.0,30.183187828683327
0.0,2016-09-29 06:00:00,3.0,29.08689179618596
0.0,2016-09-30 06:00:00,3.0,30.71997186668095
0.0,2016-10-01 06:00:00,3.0,32.38066617082128
0.0,2016-10-02 06:00:00,3.0,39.204093614286975
0.0,2016-10-03 06:00:00,3.0,37.04268920855927
0.0,2016-10-04 06:00:00,3.0,27.311759298749124
0.0,2016-10-05 06:00:00,3.0,26.727834116127944
0.0,2016-10-06 06:00:00,3.0,36.479676214960435
0.0,2016-10-07 06:00:00,3.0,40.67075444084979
0.0,2016-10-08 06:00:00,3.0,35.93108373283748
0.0,2016-10-09 06:00:00,3.0,25.757098722815293
0.0,2016-10-10 06:00:00,3.0,22.450690954251364
0.0,2016-10-11 06:00:00,3.0,32.755889087620176
0.0,2016-10-12 06:00:00,3.0,40.68405651178212
0.0,2016-10-13 06:00:00,3.0,34.9732598160807
0.0,2016-10-14 06:00:00,3.0,25.434159943421307
0.0,2016-10-15 06:00:00,3.0,24.338940764166683
0.0,2016-10-16 06:00:00,3.0,31.84884398784643
0.0,2016-10-17 06:00:00,3.0,38.19810623230192
0.0,2016-09-19 06:20:00,3.0,51.247795766216385
0.0,2016-09-20 06:20:00,3.0,51.649683227522324
0.0,2016-09-21 06:20:00,3.0,50.13954139516401
0.0,2016-09-22 06:20:00,3.0,50.810599178005454
0.0,2016-09-23 06:20:00,3.0,51.466766833554644
0.0,2016-09-24 06:20:00,3.0,54.34029887719172
0.0,2016-09-25 06:20:00,3.0,52.80531435553175
0.0,2016-09-26 06:20:00,3.0,49.415100022327955
0.0,2016-09-27 06:20:00,3.0,49.723290026939566
0.0,2016-09-28 06:20:00,3.0,49.66862603023599
0.0,2016-09-29 06:20:00,3.0,51.64311786978629
0.0,2016-09-30 06:20:00,3.0,53.86054603137597
0.0,2016-10-01 06:20:00,3.0,54.277713359115
0.0,2016-10-02 06:20:00,3.0,52.459378992605515
0.0,2016-10-03 06:20:00,3.0,46.01806314617545
0.0,2016-10-04 06:20:00,3.0,46.02659701828
0.0,2016-10-05 06:20:00,3.0,50.625526864286655
0.0,2016-10-06 06:20:00,3.0,56.73615066095341
0.0,2016-10-07 06:20:00,3.0,55.72962175166657
0.0,2016-10-08 06:20:00,3.0,50.26234652333476
0.0,2016-10-09 06:20:00,3.0,45.05806046210452
0.0,2016-10-10 06:20:00,3.0,46.23763689391272
0.0,2016-10-11 06:20:00,3.0,53.11629895639265
0.0,2016-10-12 06:20:00,3.0,56.99027062951301
0.0,2016-10-13 06:20:00,3.0,54.99900382926035
0.0,2016-10-14 06:20:00,3.0,48.94598611521024
0.0,2016-10-15 06:20:00,3.0,46.05236435397424
0.0,2016-10-16 06:20:00,3.0,49.27700748777579
0.0,2016-10-17 06:20:00,3.0,54.624350703979125
0.0,2016-09-19 06:40:00,3.0,77.60957171886174
0.0,2016-09-20 06:40:00,3.0,78.73787911844371
0.0,2016-09-21 06:40:00,3.0,78.3123908009346
0.0,2016-09-22 06:40:00,3.0,77.73366808318471
0.0,2016-09-23 06:40:00,3.0,67.28026558071574
0.0,2016-09-24 06:40:00,3.0,68.59150641954598
0.0,2016-09-25 06:40:00,3.0,68.29810990176841
0.0,2016-09-26 06:40:00,3.0,80.98380105993333
0.0,2016-09-27 06:40:00,3.0,78.17080788068124
0.0,2016-09-28 06:40:00,3.0,86.4825015886923
0.0,2016-09-29 06:40:00,3.0,77.83535000261804
0.0,2016-09-30 06:40:00,3.0,80.40024682953646
0.0,2016-10-01 06:40:00,3.0,70.98804807177115
0.0,2016-10-02 06:40:00,3.0,70.69297571646419
0.0,2016-10-03 06:40:00,3.0,76.56416961289622
0.0,2016-10-04 06:40:00,3.0,90.39947649154885
0.0,2016-10-05 06:40:00,3.0,87.43318539772508
0.0,2016-10-06 06:40:00,3.0,82.61598480630235
0.0,2016-10-07 06:40:00,3.0,75.22023041381928
0.0,2016-10-08 06:40:00,3.0,73.75131886077308
0.0,2016-10-09 06:40:00,3.0,76.00849866621125
0.0,2016-10-10 06:40:00,3.0,79.68777621927732
0.0,2016-10-11 06:40:00,3.0,86.76795165248912
0.0,2016-10-12 06:40:00,3.0,79.28327227028919
0.0,2016-10-13 06:40:00,3.0,76.25624078221006
0.0,2016-10-14 06:40:00,3.0,72.8209255166218
0.0,2016-10-15 06:40:00,3.0,73.07338277812501
0.0,2016-10-16 06:40:00,3.0,73.1204762602162
0.0,2016-10-17 06:40:00,3.0,84.79819028569531
0.0,2016-09-19 07:00:00,3.0,105.2555393922405
0.0,2016-09-20 07:00:00,3.0,103.89122503139208
0.0,2016-09-21 07:00:00,3.0,104.8206689208271
0.0,2016-09-22 07:00:00,3.0,101.05448946238664
0.0,2016-09-23 07:00:00,3.0,99.45334456757374
0.0,2016-09-24 07:00:00,3.0,97.88493124166844
0.0,2016-09-25 07:00:00,3.0,99.08283356715404
0.0,2016-09-26 07:00:00,3.0,100.88952295792922
0.0,2016-09-27 07:00:00,3.0,96.18085445753982
0.0,2016-09-28 07:00:00,3.0,103.7838387296932
0.0,2016-09-29 07:00:00,3.0,93.54143838554491
0.0,2016-09-30 07:00:00,3.0,94.52605628878081
0.0,2016-10-01 07:00:00,3.0,90.77808974999144
0.0,2016-10-02 07:00:00,3.0,94.89598790539472
0.0,2016-10-03 07:00:00,3.0,98.05693120956974
0.0,2016-10-04 07:00:00,3.0,103.75799551738086
0.0,2016-10-05 07:00:00,3.0,108.6377994527953
0.0,2016-10-06 07:00:00,3.0,113.13545365395223
0.0,2016-10-07 07:00:00,3.0,113.06465558558295
0.0,2016-10-08 07:00:00,3.0,113.48420554355275
0.0,2016-10-09 07:00:00,3.0,109.78541798210205
0.0,2016-10-10 07:00:00,3.0,110.31004802602965
0.0,2016-10-11 07:00:00,3.0,104.56926957899601
0.0,2016-10-12 07:00:00,3.0,105.89258668009562
0.0,2016-10-13 07:00:00,3.0,103.59836020421028
0.0,2016-10-14 07:00:00,3.0,103.2686686455161
0.0,2016-10-15 07:00:00,3.0,106.53861014420683
0.0,2016-10-16 07:00:00,3.0,105.60511706219708
0.0,2016-10-17 07:00:00,3.0,115.12020798224043
0.0,2016-09-19 07:20:00,3.0,117.29860152894338
0.0,2016-09-20 07:20:00,3.0,117.49671208258763
0.0,2016-09-21 07:20:00,3.0,116.90172557039047
0.0,2016-09-22 07:20:00,3.0,111.60627332209151
0.0,2016-09-23 07:20:00,3.0,110.3169968031828
0.0,2016-09-24 07:20:00,3.0,113.32783476650937
0.0,2016-09-25 07:20:00,3.0,106.97745468299743
0.0,2016-09-26 07:20:00,3.0,122.48697578525423
0.0,2016-09-27 07:20:00,3.0,123.86683845195422
0.0,2016-09-28 07:20:00,3.0,108.98708894053641
0.0,2016-09-29 07:20:00,3.0,110.98491920994972
0.0,2016-09-30 07:20:00,3.0,102.65923461173934
0.0,2016-10-01 07:20:00,3.0,111.04652034664406
0.0,2016-10-02 07:20:00,3.0,105.09617059348419
0.0,2016-10-03 07:20:00,3.0,118.23500479612123
0.0,2016-10-04 07:20:00,3.0,117.07771667046727
0.0,2016-10-05 07:20:00,3.0,125.5504219899158
0.0,2016-10-06 07:20:00,3.0,127.77586807196882
0.0,2016-10-07 07:20:00,3.0,131.8072751430619
0.0,2016-10-08 07:20:00,3.0,122.28000901811942
0.0,2016-10-09 07:20:00,3.0,129.87950194926552
0.0,2016-10-10 07:20:00,3.0,119.25776755134561
0.0,2016-10-11 07:20:00,3.0,131.6120132046842
0.0,2016-10-12 07:20:00,3.0,111.70236623892869
0.0,2016-10-13 07:20:00,3.0,125.29680151811054
0.0,2016-10-14 07:20:00,3.0,111.95630269963544
0.0,2016-10-15 07:20:00,3.0,117.63466291385836
0.0,2016-10-16 07:20:00,3.0,107.16966297069534
0.0,2016-10-17 07:20:00,3.0,122.05762947083436
0.0,2016-09-19 07:40:00,3.0,128.19708855107365
0.0,2016-09-20 07:40:00,3.0,130.5730496156905
0.0,2016-09-21 07:40:00,3.0,123.76615586806295
0.0,2016-09-22 07:40:00,3.0,127.533734567403
0.0,2016-09-23 07:40:00,3.0,118.52687241891796
0.0,2016-09-24 07:40:00,3.0,125.41402364133968
0.0,2016-09-25 07:40:00,3.0,110.85461969929291
0.0,2016-09-26 07:40:00,3.0,126.34459013334082
0.0,2016-09-27 07:40:00,3.0,129.90564038432854
0.0,2016-09-28 07:40:00,3.0,126.70443344185215
0.0,2016-09-29 07:40:00,3.0,122.7144330737777
0.0,2016-09-30 07:40:00,3.0,122.43651261061399
0.0,2016-10-01 07:40:00,3.0,125.02770742492858
0.0,2016-10-02 07:40:00,3.0,122.62942664682606
0.0,2016-10-03 07:40:00,3.0,120.64540475562575
0.0,2016-10-04 07:40:00,3.0,131.82556898708975
0.0,2016-10-05 07:40:00,3.0,132.7530806934326
0.0,2016-10-06 07:40:00,3.0,140.14232582409844
0.0,2016-10-07 07:40:00,3.0,137.14590992000456
0.0,2016-10-08 07:40:00,3.0,140.06813926414733
0.0,2016-10-09 07:40:00,3.0,140.9163641298367
0.0,2016-10-10 07:40:00,3.0,132.25032261167263
0.0,2016-10-11 07:40:00,3.0,144.66041645022597
0.0,2016-10-12 07:40:00,3.0,127.51597708598568
0.0,2016-10-13 07:40:00,3.0,135.00667070794654
0.0,2016-10-14 07:40:00,3.0,116.89970160246764
0.0,2016-10-15 07:40:00,3.0,126.32896965649792
0.0,2016-10-16 07:40:00,3.0,104.70843954095525
0.0,2016-10-17 07:40:00,3.0,133.37500218835612
0.0,2016-09-19 15:00:00,3.0,122.99168219240163
0.0,2016-09-20 15:00:00,3.0,122.29534002790456
0.0,2016-09-21 15:00:00,3.0,122.3257783003103
0.0,2016-09-22 15:00:00,3.0,122.24512523810468
0.0,2016-09-23 15:00:00,3.0,119.93462281766517
0.0,2016-09-24 15:00:00,3.0,123.75761065009024
0.0,2016-09-25 15:00:00,3.0,133.3906778692419
0.0,2016-09-26 15:00:00,3.0,131.32200603888964
0.0,2016-09-27 15:00:00,3.0,115.8418121937358
0.0,2016-09-28 15:00:00,3.0,106.91499052380048
0.0,2016-09-29 15:00:00,3.0,116.94534171181819
0.0,2016-09-30 15:00:00,3.0,128.5670674403158
0.0,2016-10-01 15:00:00,3.0,128.451468549359
0.0,2016-10-02 15:00:00,3.0,124.4070186438376
0.0,2016-10-03 15:00:00,3.0,121.94388270166488
0.0,2016-10-04 15:00:00,3.0,122.77461000481415
0.0,2016-10-05 15:00:00,3.0,123.64894966907323
0.0,2016-10-06 15:00:00,3.0,130.29177269115215
0.0,2016-10-07 15:00:00,3.0,131.74995911399563
0.0,2016-10-08 15:00:00,3.0,126.42588513017668
0.0,2016-10-09 15:00:00,3.0,121.2159151524396
0.0,2016-10-10 15:00:00,3.0,116.25213420994746
0.0,2016-10-11 15:00:00,3.0,117.2155754485612
0.0,2016-10-12 15:00:00,3.0,123.50782901583631
0.0,2016-10-13 15:00:00,3.0,124.74184551519593
0.0,2016-10-14 15:00:00,3.0,118.8902651551626
0.0,2016-10-15 15:00:00,3.0,116.00475260505063
0.0,2016-10-16 15:00:00,3.0,124.53070100992035
0.0,2016-10-17 15:00:00,3.0,129.3553909425244
0.0,2016-09-19 15:20:00,3.0,124.79056351076228
0.0,2016-09-20 15:20:00,3.0,125.04327593258591
0.0,2016-09-21 15:20:00,3.0,124.05913185776933
0.0,2016-09-22 15:20:00,3.0,126.22039602919098
0.0,2016-09-23 15:20:00,3.0,124.66413746666137
0.0,2016-09-24 15:20:00,3.0,123.84805229328958
0.0,2016-09-25 15:20:00,3.0,125.78141271872903
0.0,2016-09-26 15:20:00,3.0,125.15372929427146
0.0,2016-09-27 15:20:00,3.0,121.87540302680972
0.0,2016-09-28 15:20:00,3.0,122.81129515821206
0.0,2016-09-29 15:20:00,3.0,127.9282910259215
0.0,2016-09-30 15:20:00,3.0,127.05667703138498
0.0,2016-10-01 15:20:00,3.0,120.87568619099581
0.0,2016-10-02 15:20:00,3.0,127.96043168910856
0.0,2016-10-03 15:20:00,3.0,124.61823473006034
0.0,2016-10-04 15:20:00,3.0,123.86648958736313
0.0,2016-10-05 15:20:00,3.0,121.25606112402228
0.0,2016-10-06 15:20:00,3.0,127.05574943377603
0.0,2016-10-07 15:20:00,3.0,131.45589830657565
0.0,2016-10-08 15:20:00,3.0,115.90108465593335
0.0,2016-10-09 15:20:00,3.0,120.84877480701164
0.0,2016-10-10 15:20:00,3.0,129.1917968095673
0.0,2016-10-11 15:20:00,3.0,132.51573193181915
0.0,2016-10-12 15:20:00,3.0,120.58573743581397
0.0,2016-10-13 15:20:00,3.0,117.73784452227214
0.0,2016-10-14 15:20:00,3.0,128.5169138268008
0.0,2016-10-15 15:20:00,3.0,132.5025258001999
0.0,2016-10-16 15:20:00,3.0,123.38311090632376
0.0,2016-10-17 15:20:00,3.0,119.01953012152033
0.0,2016-09-20 15:40:00,3.0,-0.1573502211266522
0.0,2016-09-21 15:40:00,3.0,-8.020733117974018
0.0,2016-09-22 15:40:00,3.0,21.3071839579135
0.0,2016-09-23 15:40:00,3.0,-7.734056423966251
0.0,2016-09-24 15:40:00,3.0,-52.6179993019826
0.0,2016-09-25 15:40:00,3.0,6.07319028420611
0.0,2016-09-26 15:40:00,3.0,-19.56143454428222
0.0,2016-09-27 15:40:00,3.0,32.772807525446154
0.0,2016-09-28 15:40:00,3.0,11.663359918389986
0.0,2016-09-29 15:40:00,3.0,23.660253992790068
0.0,2016-09-30 15:40:00,3.0,-6.859770334952543
0.0,2016-10-01 15:40:00,3.0,-89.9601768013761
0.0,2016-10-02 15:40:00,3.0,10.153772484054215
0.0,2016-10-03 15:40:00,3.0,5.35535881837145
0.0,2016-10-04 15:40:00,3.0,44.88303222192337
0.0,2016-10-05 15:40:00,3.0,-2.1023175272311505
0.0,2016-10-06 15:40:00,3.0,-45.757364484668564
0.0,2016-10-07 15:40:00,3.0,0.2641650936518687
0.0,2016-10-08 15:40:00,3.0,-61.895491005194174
0.0,2016-10-09 15:40:00,3.0,24.97275712622053
0.0,2016-10-10 15:40:00,3.0,4.507715185320005
0.0,2016-10-11 15:40:00,3.0,15.092688088237168
0.0,2016-10-12 15:40:00,3.0,29.09246039871423
0.0,2016-10-13 15:40:00,3.0,19.026648534614996
0.0,2016-10-14 15:40:00,3.0,-5.4515067712908625
0.0,2016-10-15 15:40:00,3.0,-15.93484949687876
0.0,2016-10-16 15:40:00,3.0,-11.831948711162184
0.0,2016-10-17 15:40:00,3.0,9.658084488937362
0.0,2016-09-19 16:00:00,3.0,126.19944861098263
0.0,2016-09-20 16:00:00,3.0,126.49016832201492
0.0,2016-09-21 16:00:00,3.0,127.2473778936631
0.0,2016-09-22 16:00:00,3.0,130.08593249105115
0.0,2016-09-23 16:00:00,3.0,134.2761217103825
0.0,2016-09-24 16:00:00,3.0,129.41908823776143
0.0,2016-09-25 16:00:00,3.0,121.4464749039512
0.0,2016-09-26 16:00:00,3.0,113.35500201021405
0.0,2016-09-27 16:00:00,3.0,114.9536467613683
0.0,2016-09-28 16:00:00,3.0,124.30845611937278
0.0,2016-09-29 16:00:00,3.0,134.09182024006634
0.0,2016-09-30 16:00:00,3.0,141.97857138233533
0.0,2016-10-01 16:00:00,3.0,117.98280960476009
0.0,2016-10-02 16:00:00,3.0,110.36395143082447
0.0,2016-10-03 16:00:00,3.0,117.83080467149023
0.0,2016-10-04 16:00:00,3.0,131.3086439088963
0.0,2016-10-05 16:00:00,3.0,138.98001189255078
0.0,2016-10-06 16:00:00,3.0,129.03554422523695
0.0,2016-10-07 16:00:00,3.0,125.9839323581554
0.0,2016-10-08 16:00:00,3.0,120.323476370787
0.0,2016-10-09 16:00:00,3.0,122.67345844403303
0.0,2016-10-10 16:00:00,3.0,129.21171065431747
0.0,2016-10-11 16:00:00,3.0,136.19323352491793
0.0,2016-10-12 16:00:00,3.0,139.34683672664767
0.0,2016-10-13 16:00:00,3.0,137.09317064681395
0.0,2016-10-14 16:00:00,3.0,131.20981893252662
0.0,2016-10-15 16:00:00,3.0,118.7593623016344
0.0,2016-10-16 16:00:00,3.0,110.32179764563503
0.0,2016-10-17 16:00:00,3.0,108.33132089225948
0.0,2016-09-19 16:20:00,3.0,121.47293650459329
0.0,2016-09-20 16:20:00,3.0,120.7209515325424
0.0,2016-09-21 16:20:00,3.0,124.67707956322545
0.0,2016-09-22 16:20:00,3.0,129.85049655127375
0.0,2016-09-23 16:20:00,3.0,127.3149143223066
0.0,2016-09-24 16:20:00,3.0,118.63729323360249
0.0,2016-09-25 16:20:00,3.0,107.00742172223367
0.0,2016-09-26 16:20:00,3.0,99.62463906787346
0.0,2016-09-27 16:20:00,3.0,98.60722777562948
0.0,2016-09-28 16:20:00,3.0,112.71658533912608
0.0,2016-09-29 16:20:00,3.0,136.4666553203325
0.0,2016-09-30 16:20:00,3.0,150.82947382446233
0.0,2016-10-01 16:20:00,3.0,121.17077355987871
0.0,2016-10-02 16:20:00,3.0,92.6729645285945
0.0,2016-10-03 16:20:00,3.0,90.94716719269441
0.0,2016-10-04 16:20:00,3.0,134.57043609228876
0.0,2016-10-05 16:20:00,3.0,140.60228766986413
0.0,2016-10-06 16:20:00,3.0,127.19928564289643
0.0,2016-10-07 16:20:00,3.0,109.09646650579414
0.0,2016-10-08 16:20:00,3.0,108.02194256117815
0.0,2016-10-09 16:20:00,3.0,116.27615390768128
0.0,2016-10-10 16:20:00,3.0,118.55762706290665
0.0,2016-10-11 16:20:00,3.0,129.98503468573008
0.0,2016-10-12 16:20:00,3.0,130.33764527030854
0.0,2016-10-13 16:20:00,3.0,136.8426305596113
0.0,2016-10-14 16:20:00,3.0,137.75581430874755
0.0,2016-10-15 16:20:00,3.0,135.1139199362676
0.0,2016-10-16 16:20:00,3.0,122.985389725189
0.0,2016-10-17 16:20:00,3.0,116.58592806517838
0.0,2016-09-19 16:40:00,3.0,130.94605586764783
0.0,2016-09-20 16:40:00,3.0,131.65387246870068
0.0,2016-09-21 16:40:00,3.0,133.7971737940103
0.0,2016-09-22 16:40:00,3.0,136.4405279852407
0.0,2016-09-23 16:40:00,3.0,130.5244872828099
0.0,2016-09-24 16:40:00,3.0,127.44583920894917
0.0,2016-09-25 16:40:00,3.0,124.69115659687324
0.0,2016-09-26 16:40:00,3.0,127.18512278421254
0.0,2016-09-27 16:40:00,3.0,127.59094761508389
0.0,2016-09-28 16:40:00,3.0,129.5521650592764
0.0,2016-09-29 16:40:00,3.0,128.66288342017634
0.0,2016-09-30 16:40:00,3.0,126.59392547593067
0.0,2016-10-01 16:40:00,3.0,131.81196426992443
0.0,2016-10-02 16:40:00,3.0,126.66847114638372
0.0,2016-10-03 16:40:00,3.0,115.52076322935623
0.0,2016-10-04 16:40:00,3.0,155.47416685165837
0.0,2016-10-05 16:40:00,3.0,142.77212513328448
0.0,2016-10-06 16:40:00,3.0,118.74885964262609
0.0,2016-10-07 16:40:00,3.0,114.19073928292003
0.0,2016-10-08 16:40:00,3.0,135.04868854449595
0.0,2016-10-09 16:40:00,3.0,148.9324242191801
0.0,2016-10-10 16:40:00,3.0,123.00838421199879
0.0,2016-10-11 16:40:00,3.0,133.15330977203345
0.0,2016-10-12 16:40:00,3.0,138.044570306707
0.0,2016-10-13 16:40:00,3.0,137.9693180312336
0.0,2016-10-14 16:40:00,3.0,128.9251089693905
0.0,2016-10-15 16:40:00,3.0,130.20210204265598
0.0,2016-10-16 16:40:00,3.0,124.72857979986868
0.0,2016-10-17 16:40:00,3.0,129.60403460202443
1.0,2016-09-20 06:00:00,3.0,0.10403065924017874
1.0,2016-09-21 06:00:00,3.0,0.6281840238162477
1.0,2016-09-22 06:00:00,3.0,3.3172380590958817
1.0,2016-09-23 06:00:00,3.0,0.2841811714957627
1.0,2016-09-24 06:00:00,3.0,-5.359254726709652
1.0,2016-09-25 06:00:00,3.0,2.9974610734228495
1.0,2016-09-26 06:00:00,3.0,5.6217580536084295
1.0,2016-09-27 06:00:00,3.0,-1.6230532955211388
1.0,2016-09-28 06:00:00,3.0,-5.374971419442585
1.0,2016-09-29 06:00:00,3.0,0.12087575288489916
1.0,2016-09-30 06:00:00,3.0,6.003926155018079
1.0,2016-10-01 06:00:00,3.0,1.7954251052105157
1.0,2016-10-02 06:00:00,3.0,-4.688783139454798
1.0,2016-10-03 06:00:00,3.0,1.1662677405563633
1.0,2016-10-04 06:00:00,3.0,3.3171409453941068
1.0,2016-10-05 06:00:00,3.0,0.807117968444337
1.0,2016-10-06 06:00:00,3.0,-4.497980948527293
1.0,2016-10-07 06:00:00,3.0,-1.3871109646075608
1.0,2016-10-08 06:00:00,3.0,4.145837199595936
1.0,2016-10-09 06:00:00,3.0,2.72089448068279
1.0,2016-10-10 06:00:00,3.0,-4.2878805078401125
1.0,2016-10-11 06:00:00,3.0,-3.140085937201505
1.0,2016-10-12 06:00:00,3.0,3.314544656593433
1.0,2016-10-13 06:00:00,3.0,3.3089262990378767
1.0,2016-10-14 06:00:00,3.0,-3.5727815578518047
1.0,2016-10-15 06:00:00,3.0,-2.7819630904661854
1.0,2016-10-16 06:00:00,3.0,5.092773675763484
1.0,2016-10-17 06:00:00,3.0,0.7439212399227024
1.0,2016-09-20 06:20:00,3.0,0.3436738243709563
1.0,2016-09-21 06:20:00,3.0,-1.671680878340963
1.0,2016-09-22 06:20:00,3.0,0.699212037619878
1.0,2016-09-23 06:20:00,3.0,3.1114608003695485
1.0,2016-09-24 06:20:00,3.0,-0.45670011998436477
1.0,2016-09-25 06:20:00,3.0,-1.7265358910353434
1.0,2016-09-26 06:20:00,3.0,7.460553899354371
1.0,2016-09-27 06:20:00,3.0,-9.189500978342231
1.0,2016-09-28 06:20:00,3.0,1.0662679301064317
1.0,2016-09-29 06:20:00,3.0,3.868995122081147
1.0,2016-09-30 06:20:00,3.0,9.764806018648219
1.0,2016-10-01 06:20:00,3.0,-8.836615269216914
1.0,2016-10-02 06:20:00,3.0,8.12847580960257
1.0,2016-10-03 06:20:00,3.0,0.3081543881984321
1.0,2016-10-04 06:20:00,3.0,-3.6312613390711874
1.0,2016-10-05 06:20:00,3.0,-5.824949002597387
1.0,2016-10-06 06:20:00,3.0,-3.952261117953573
1.0,2016-10-07 06:20:00,3.0,7.0282355162297385
1.0,2016-10-08 06:20:00,3.0,-4.599346742310479
1.0,2016-10-09 06:20:00,3.0,2.5084112920362838
1.0,2016-10-10 06:20:00,3.0,0.26254293559408115
1.0,2016-10-11 06:20:00,3.0,1.3151259961454618
1.0,2016-10-12 06:20:00,3.0,1.299494093091746
1.0,2016-10-13 06:20:00,3.0,4.559711449167654
1.0,2016-10-14 06:20:00,3.0,4.012989920349723
1.0,2016-10-15 06:20:00,3.0,-2.4740306663002016
1.0,2016-10-16 06:20:00,3.0,-7.342329351699785
1.0,2016-10-17 06:20:00,3.0,-6.929349053656033
1.0,2016-09-20 06:40:00,3.0,-1.2409092860080762
1.0,2016-09-21 06:40:00,3.0,-2.023895169668336
1.0,2016-09-22 06:40:00,3.0,7.8597630082767385
1.0,2016-09-23 06:40:00,3.0,-8.669893137549305
1.0,2016-09-24 06:40:00,3.0,-5.54757478793464
1.0,2016-09-25 06:40:00,3.0,-4.969008272787197
1.0,2016-09-26 06:40:00,3.0,0.014046773289827286
1.0,2016-09-27 06:40:00,3.0,-5.1721316658508805
1.0,2016-09-28 06:40:00,3.0,8.889369151945772
1.0,2016-09-29 06:40:00,3.0,6.923979283290919
1.0,2016-09-30 06:40:00,3.0,5.283128229529015
1.0,2016-10-01 06:40:00,3.0,-13.946693309225388
1.0,2016-10-02 06:40:00,3.0,0.5792310596643988
1.0,2016-10-03 06:40:00,3.0,-8.846782141270687
1.0,2016-10-04 06:40:00,3.0,-9.086724615056163
1.0,2016-10-05 06:40:00,3.0,-2.6853792020347296
1.0,2016-10-06 06:40:00,3.0,2.2344389743465647
1.0,2016-10-07 06:40:00,3.0,2.5205546784189115
1.0,2016-10-08 06:40:00,3.0,4.530488642318142
1.0,2016-10-09 06:40:00,3.0,-6.734179423917759
1.0,2016-10-10 06:40:00,3.0,-4.041993335895319
1.0,2016-10-11 06:40:00,3.0,1.6739347613318323
1.0,2016-10-12 06:40:00,3.0,0.2549446376768607
1.0,2016-10-13 06:40:00,3.0,11.191517743585397
1.0,2016-10-14 06:40:00,3.0,-6.429945418493098
1.0,2016-10-15 06:40:00,3.0,-3.044094267726699
1.0,2016-10-16 06:40:00,3.0,-10.21200628582615
1.0,2016-10-17 06:40:00,3.0,11.389389028330273
1.0,2016-09-20 07:00:00,3.0,-0.266747271110205
1.0,2016-09-21 07:00:00,3.0,-7.360906168322682
1.0,2016-09-22 07:00:00,3.0,6.304893342536204
1.0,2016-09-23 07:00:00,3.0,4.305667223274207
1.0,2016-09-24 07:00:00,3.0,-3.712342222852598
1.0,2016-09-25 07:00:00,3.0,-8.980999159298394
1.0,2016-09-26 07:00:00,3.0,10.388775366959408
1.0,2016-09-27 07:00:00,3.0,-13.613923513649196
1.0,2016-09-28 07:00:00,3.0,3.140051538460736
1.0,2016-09-29 07:00:00,3.0,5.124951524829761
1.0,2016-09-30 07:00:00,3.0,19.313401585910405
1.0,2016-10-01 07:00:00,3.0,-13.739639519016627
1.0,2016-10-02 07:00:00,3.0,12.243521965714159
1.0,2016-10-03 07:00:00,3.0,-6.336875559247875
1.0,2016-10-04 07:00:00,3.0,-18.105134960701033
1.0,2016-10-05 07:00:00,3.0,-9.021931287502376
1.0,2016-10-06 07:00:00,3.0,-0.8566405988807437
1.0,2016-10-07 07:00:00,3.0,8.469025898742885
1.0,2016-10-08 07:00:00,3.0,13.945593723932014
1.0,2016-10-09 07:00:00,3.0,-19.274841041395987
1.0,2016-10-10 07:00:00,3.0,-0.04289100596447071
1.0,2016-10-11 07:00:00,3.0,2.7116695847500374
1.0,2016-10-12 07:00:00,3.0,14.772615823204523
1.0,2016-10-13 07:00:00,3.0,-2.266375561117732
1.0,2016-10-14 07:00:00,3.0,-10.052657425632251
1.0,2016-10-15 07:00:00,3.0,-2.5915653104644942
1.0,2016-10-16 07:00:00,3.0,13.792210558970574
1.0,2016-10-17 07:00:00,3.0,17.613858767890456
1.0,2016-09-20 07:20:00,3.0,1.0182050194891232
1.0,2016-09-21 07:20:00,3.0,-7.710407750762466
1.0,2016-09-22 07:20:00,3.0,1.0442910502169047
1.0,2016-09-23 07:20:00,3.0,7.824091098740823
1.0,2016-09-24 07:20:00,3.0,7.990397321345942
1.0,2016-09-25 07:20:00,3.0,3.0851758961255813
1.0,2016-09-26 07:20:00,3.0,-6.6686640122780005
1.0,2016-09-27 07:20:00,3.0,-12.50114251380547
1.0,2016-09-28 07:20:00,3.0,8.394730271929603
1.0,2016-09-29 07:20:00,3.0,19.598319900948024
1.0,2016-09-30 07:20:00,3.0,5.050793202182767
1.0,2016-10-01 07:20:00,3.0,-19.66547306790359
1.0,2016-10-02 07:20:00,3.0,12.888504542020442
1.0,2016-10-03 07:20:00,3.0,4.175970926996888
1.0,2016-10-04 07:20:00,3.0,-4.158549294544685
1.0,2016-10-05 07:20:00,3.0,-7.922312823334301
1.0,2016-10-06 07:20:00,3.0,-0.04588827746093216
1.0,2016-10-07 07:20:00,3.0,6.576398360903951
1.0,2016-10-08 07:20:00,3.0,8.115203327304187
1.0,2016-10-09 07:20:00,3.0,-27.487293790440276
1.0,2016-10-10 07:20:00,3.0,6.658055922476297
1.0,2016-10-11 07:20:00,3.0,14.347023176645546
1.0,2016-10-12 07:20:00,3.0,18.21351469497902
1.0,2016-10-13 07:20:00,3.0,-6.2329505476342035
1.0,2016-10-14 07:20:00,3.0,-4.419404194092174
1.0,2016-10-15 07:20:00,3.0,-6.2258644138716015
1.0,2016-10-16 07:20:00,3.0,4.481142822474752
1.0,2016-10-17 07:20:00,3.0,12.180241757740461
1.0,2016-09-20 07:40:00,3.0,-0.7903381296451286
1.0,2016-09-21 07:40:00,3.0,-5.473166327659786
1.0,2016-09-22 07:40:00,3.0,4.49169305063751
1.0,2016-09-23 07:40:00,3.0,4.85279168607904
1.0,2016-09-24 07:40:00,3.0,-5.114014292416325
1.0,2016-09-25 07:40:00,3.0,-4.928924552398506
1.0,2016-09-26 07:40:00,3.0,-5.339761005994831
1.0,2016-09-27 07:40:00,3.0,-6.866144501187321
1.0,2016-09-28 07:40:00,3.0,13.036672973452369
1.0,2016-09-29 07:40:00,3.0,13.56296452212517
1.0,2016-09-30 07:40:00,3.0,1.9807604865472896
1.0,2016-10-01 07:40:00,3.0,-21.681804993700425
1.0,2016-10-02 07:40:00,3.0,4.487345085384174
1.0,2016-10-03 07:40:00,3.0,17.733429787680535
1.0,2016-10-04 07:40:00,3.0,4.077886138422768
1.0,2016-10-05 07:40:00,3.0,-15.228546633451268
1.0,2016-10-06 07:40:00,3.0,-11.958727716575405
1.0,2016-10-07 07:40:00,3.0,2.8356701868577936
1.0,2016-10-08 07:40:00,3.0,10.86641343433071
1.0,2016-10-09 07:40:00,3.0,-23.504509957245205
1.0,2016-10-10 07:40:00,3.0,-6.001330087400898
1.0,2016-10-11 07:40:00,3.0,13.029825340385372
1.0,2016-10-12 07:40:00,3.0,11.539866344022125
1.0,2016-10-13 07:40:00,3.0,-8.442227060219162
1.0,2016-10-14 07:40:00,3.0,-13.541932678365326
1.0,2016-10-15 07:40:00,3.0,0.12837537921951436
1.0,2016-10-16 07:40:00,3.0,10.021322617315398
1.0,2016-10-17 07:40:00,3.0,9.185832667283126
1.0,2016-09-20 15:00:00,3.0,1.6580650370007062
1.0,2016-09-21 15:00:00,3.0,1.5709240633702741
1.0,2016-09-22 15:00:00,3.0,1.1002630974404086
1.0,2016-09-23 15:00:00,3.0,1.210967778279762
1.0,2016-09-24 15:00:00,3.0,1.7808899676051144
1.0,2016-09-25 15:00:00,3.0,2.077726935388732
1.0,2016-09-26 15:00:00,3.0,0.949005949232653
1.0,2016-09-27 15:00:00,3.0,1.1545676068717547
1.0,2016-09-28 15:00:00,3.0,3.2084281895232056
1.0,2016-09-29 15:00:00,3.0,3.59840344080172
1.0,2016-09-30 15:00:00,3.0,0.8125233667114764
1.0,2016-10-01 15:00:00,3.0,-0.6335085324483174
1.0,2016-10-02 15:00:00,3.0,4.123967284257063
1.0,2016-10-03 15:00:00,3.0,6.242454297010533
1.0,2016-10-04 15:00:00,3.0,1.9266656265591813
1.0,2016-10-05 15:00:00,3.0,-2.678707322492243
1.0,2016-10-06 15:00:00,3.0,1.0417901052211116
1.0,2016-10-07 15:00:00,3.0,5.94151674666199
1.0,2016-10-08 15:00:00,3.0,2.6550311745765995
1.0,2016-10-09 15:00:00,3.0,-4.32287339788943
1.0,2016-10-10 15:00:00,3.0,-1.6712678375399745
1.0,2016-10-11 15:00:00,3.0,5.179647944331826
1.0,2016-10-12 15:00:00,3.0,5.83229590751813
1.0,2016-10-13 15:00:00,3.0,-1.2847122333897047
1.0,2016-10-14 15:00:00,3.0,-3.051645937998522
1.0,2016-10-15 15:00:00,3.0,3.653246460459302
1.0,2016-10-16 15:00:00,3.0,5.888150745989822
1.0,2016-10-17 15:00:00,3.0,-0.09623552797997803
1.0,2016-09-20 15:20:00,3.0,1.5628846719723377
1.0,2016-09-21 15:20:00,3.0,8.373474181271693
1.0,2016-09-22 15:20:00,3.0,-5.923668639417057
1.0,2016-09-23 15:20:00,3.0,-1.390908194827876
1.0,2016-09-24 15:20:00,3.0,-2.371293176628047
1.0,2016-09-25 15:20:00,3.0,-1.5278542797694765
1.0,2016-09-26 15:20:00,3.0,-0.7719655826932623
1.0,2016-09-27 15:20:00,3.0,25.10679402441949
1.0,2016-09-28 15:20:00,3.0,-8.2569648855207
1.0,2016-09-29 15:20:00,3.0,5.468154639691738
1.0,2016-09-30 15:20:00,3.0,5.259128980630994
1.0,2016-10-01 15:20:00,3.0,-6.117688321712194
1.0,2016-10-02 15:20:00,3.0,21.10624227029001
1.0,2016-10-03 15:20:00,3.0,23.813211263249567
1.0,2016-10-04 15:20:00,3.0,-12.003189696994337
1.0,2016-10-05 15:20:00,3.0,-4.464357839289474
1.0,2016-10-06 15:20:00,3.0,24.909157314743815
1.0,2016-10-07 15:20:00,3.0,-22.879164514577443
1.0,2016-10-08 15:20:00,3.0,22.537930931557817
1.0,2016-10-09 15:20:00,3.0,-25.004440690277825
1.0,2016-10-10 15:20:00,3.0,-7.484419590305649
1.0,2016-10-11 15:20:00,3.0,12.64840311589873
1.0,2016-10-12 15:20:00,3.0,2.914231039244555
1.0,2016-10-13 15:20:00,3.0,0.13086935590887094
1.0,2016-10-14 15:20:00,3.0,-6.115744838145481
1.0,2016-10-15 15:20:00,3.0,-2.608933221176013
1.0,2016-10-16 15:20:00,3.0,14.00533628834022
1.0,2016-10-17 15:20:00,3.0,-18.415899167195025
1.0,2016-09-20 15:40:00,3.0,0.21830629384350564
1.0,2016-09-21 15:40:00,3.0,-0.6703813285100004
1.0,2016-09-22 15:40:00,3.0,-3.00424935101433
1.0,2016-09-23 15:40:00,3.0,5.038968300667115
1.0,2016-09-24 15:40:00,3.0,-7.365936338064978
1.0,2016-09-25 15:40:00,3.0,-2.538041951431013
1.0,2016-09-26 15:40:00,3.0,1.1067892118530072
1.0,2016-09-27 15:40:00,3.0,-2.5038429792318126
1.0,2016-09-28 15:40:00,3.0,6.498687665848786
1.0,2016-09-29 15:40:00,3.0,0.932454642688981
1.0,2016-09-30 15:40:00,3.0,-3.897857608449634
1.0,2016-10-01 15:40:00,3.0,-2.5007803678228555
1.0,2016-10-02 15:40:00,3.0,23.21231906433514
1.0,2016-10-03 15:40:00,3.0,4.4699881586933525
1.0,2016-10-04 15:40:00,3.0,13.849441331835365
1.0,2016-10-05 15:40:00,3.0,18.88447320193795
1.0,2016-10-06 15:40:00,3.0,4.4858485577018685
1.0,2016-10-07 15:40:00,3.0,13.971482989001903
1.0,2016-10-08 15:40:00,3.0,14.219213351569294
1.0,2016-10-09 15:40:00,3.0,-16.39901326510003
1.0,2016-10-10 15:40:00,3.0,4.842809611546485
1.0,2016-10-11 15:40:00,3.0,4.33359115498007
1.0,2016-10-12 15:40:00,3.0,-16.642424662484494
1.0,2016-10-13 15:40:00,3.0,9.965001553693948
1.0,2016-10-14 15:40:00,3.0,-6.979076435633953
1.0,2016-10-15 15:40:00,3.0,-16.667566614307667
1.0,2016-10-16 15:40:00,3.0,5.64000917395952
1.0,2016-10-17 15:40:00,3.0,-16.99915903763079
1.0,2016-09-20 16:00:00,3.0,-0.1384877297422733
1.0,2016-09-21 16:00:00,3.0,2.082315762913122
1.0,2016-09-22 16:00:00,3.0,4.789058943159624
1.0,2016-09-23 16:00:00,3.0,-3.078129905010627
1.0,2016-09-24 16:00:00,3.0,0.8672569588741696
1.0,2016-09-25 16:00:00,3.0,-6.83799923099049
1.0,2016-09-26 16:00:00,3.0,0.2860021356647806
1.0,2016-09-27 16:00:00,3.0,-0.08240846002092539
1.0,2016-09-28 16:00:00,3.0,12.001176152630658
1.0,2016-09-29 16:00:00,3.0,-2.462483417745254
1.0,2016-09-30 16:00:00,3.0,0.44596344330003657
1.0,2016-10-01 16:00:00,3.0,-3.8824211062776897
1.0,2016-10-02 16:00:00,3.0,14.359093088556811
1.0,2016-10-03 16:00:00,3.0,30.846847479678637
1.0,2016-10-04 16:00:00,3.0,-8.419262789084648
1.0,2016-10-05 16:00:00,3.0,17.165504419629993
1.0,2016-10-06 16:00:00,3.0,2.124682004986532
1.0,2016-10-07 16:00:00,3.0,7.109737484153467
1.0,2016-10-08 16:00:00,3.0,12.090052408376913
1.0,2016-10-09 16:00:00,3.0,-1.818491815891072
1.0,2016-10-10 16:00:00,3.0,-22.61474522118482
1.0,2016-10-11 16:00:00,3.0,6.01199456509146
1.0,2016-10-12 16:00:00,3.0,-4.325485024228576
1.0,2016-10-13 16:00:00,3.0,-0.6650796638707845
1.0,2016-10-14 16:00:00,3.0,-6.971103832983498
1.0,2016-10-15 16:00:00,3.0,-16.44877111681657
1.0,2016-10-16 16:00:00,3.0,6.488154537565713
1.0,2016-10-17 16:00:00,3.0,-8.557888988141244
1.0,2016-09-20 16:20:00,3.0,0.035058791788136645
1.0,2016-09-21 16:20:00,3.0,-1.0434370034328575
1.0,2016-09-22 16:20:00,3.0,0.4128425085410117
1.0,2016-09-23 16:20:00,3.0,1.7272862090405816
1.0,2016-09-24 16:20:00,3.0,-6.4615812490668
1.0,2016-09-25 16:20:00,3.0,-3.2676558159346385
1.0,2016-09-26 16:20:00,3.0,1.7125318485346508
1.0,2016-09-27 16:20:00,3.0,0.00761059292203381
1.0,2016-09-28 16:20:00,3.0,3.352625826415544
1.0,2016-09-29 16:20:00,3.0,-1.5380606626419429
1.0,2016-09-30 16:20:00,3.0,-0.7175085759370483
1.0,2016-10-01 16:20:00,3.0,-6.543255610048561
1.0,2016-10-02 16:20:00,3.0,22.501932219918906
1.0,2016-10-03 16:20:00,3.0,21.529441555782356
1.0,2016-10-04 16:20:00,3.0,8.355866596276007
1.0,2016-10-05 16:20:00,3.0,19.553468234566992
1.0,2016-10-06 16:20:00,3.0,6.884835092897271
1.0,2016-10-07 16:20:00,3.0,15.814149237159945
1.0,2016-10-08 16:20:00,3.0,10.493358604143836
1.0,2016-10-09 16:20:00,3.0,-3.7257444937591835
1.0,2016-10-10 16:20:00,3.0,-17.63998649532664
1.0,2016-10-11 16:20:00,3.0,9.020021672765253
1.0,2016-10-12 16:20:00,3.0,-14.000809167663615
1.0,2016-10-13 16:20:00,3.0,5.698396940700654
1.0,2016-10-14 16:20:00,3.0,-18.459266754633713
1.0,2016-10-15 16:20:00,3.0,2.1078713548791694
1.0,2016-10-16 16:20:00,3.0,-5.194845326206952
1.0,2016-10-17 16:20:00,3.0,-9.581145501968834
1.0,2016-09-20 16:40:00,3.0,-0.7305539775143011
1.0,2016-09-21 16:40:00,3.0,2.56659640625473
1.0,2016-09-22 16:40:00,3.0,-0.3477418239093364
1.0,2016-09-23 16:40:00,3.0,2.8029314301240618
1.0,2016-09-24 16:40:00,3.0,-8.0776987122694
1.0,2016-09-25 16:40:00,3.0,0.2748139583868152
1.0,2016-09-26 16:40:00,3.0,1.5819449137330857
1.0,2016-09-27 16:40:00,3.0,2.4010408927147413
1.0,2016-09-28 16:40:00,3.0,3.2045673717238814
1.0,2016-09-29 16:40:00,3.0,2.0743398687595658
1.0,2016-09-30 16:40:00,3.0,0.4303932354181441
1.0,2016-10-01 16:40:00,3.0,-2.692015047435973
1.0,2016-10-02 16:40:00,3.0,21.716693121675625
1.0,2016-10-03 16:40:00,3.0,7.520836145209348
1.0,2016-10-04 16:40:00,3.0,11.097902021366037
1.0,2016-10-05 16:40:00,3.0,16.77092968542282
1.0,2016-10-06 16:40:00,3.0,6.652692873429797
1.0,2016-10-07 16:40:00,3.0,9.566099628297243
1.0,2016-10-08 16:40:00,3.0,12.913778025415333
1.0,2016-10-09 16:40:00,3.0,-15.055083257713143
1.0,2016-10-10 16:40:00,3.0,-6.474511290820377
1.0,2016-10-11 16:40:00,3.0,0.2712321050556463
1.0,2016-10-12 16:40:00,3.0,-12.767566212088981
1.0,2016-10-13 16:40:00,3.0,1.4594636836711246
1.0,2016-10-14 16:40:00,3.0,-3.7985758089934087
1.0,2016-10-15 16:40:00,3.0,-14.955347787315374
1.0,2016-10-16 16:40:00,3.0,0.2887787452059687
1.0,2016-10-17 16:40:00,3.0,-7.200646908979266
0.0,2016-10-18 06:00:00,1.0,21.782400061012044
1.0,2016-10-18 06:00:00,1.0,44.38320034031769
0.0,2016-10-18 06:20:00,1.0,33.127338450151974
1.0,2016-10-18 06:20:00,1.0,52.30804102187294
0.0,2016-10-18 06:40:00,1.0,34.32250165512366
1.0,2016-10-18 06:40:00,1.0,63.227488256047984
0.0,2016-10-18 07:00:00,1.0,56.293420988736386
1.0,2016-10-18 07:00:00,1.0,69.31867102606368
0.0,2016-10-18 07:20:00,1.0,59.898026115661054
1.0,2016-10-18 07:20:00,1.0,78.47454886568477
0.0,2016-10-18 07:40:00,1.0,64.11166070869609
1.0,2016-10-18 07:40:00,1.0,93.92227799663632
0.0,2016-10-18 15:00:00,1.0,53.13664608405279
1.0,2016-10-18 15:00:00,1.0,84.19661953989801
0.0,2016-10-18 15:20:00,1.0,31.309806378271762
1.0,2016-10-18 15:20:00,1.0,98.25767107452606
0.0,2016-10-18 15:40:00,1.0,50.9030816703536
1.0,2016-10-18 15:40:00,1.0,104.67963764913209
0.0,2016-10-18 16:00:00,1.0,73.0431680953917
1.0,2016-10-18 16:00:00,1.0,125.07117157843206
0.0,2016-10-18 16:20:00,1.0,57.847310784917845
1.0,2016-10-18 16:20:00,1.0,90.97701024665513
0.0,2016-10-18 16:40:00,1.0,59.50893937760409
1.0,2016-10-18 16:40:00,1.0,101.06284661654247
0.0,2016-10-19 06:00:00,1.0,22.608531312927866
1.0,2016-10-19 06:00:00,1.0,42.244258578382286
0.0,2016-10-19 06:20:00,1.0,39.85360885379874
1.0,2016-10-19 06:20:00,1.0,58.02500088990921
0.0,2016-10-19 06:40:00,1.0,39.83488246544831
1.0,2016-10-19 06:40:00,1.0,60.87234818594194
0.0,2016-10-19 07:00:00,1.0,46.75807245085725
1.0,2016-10-19 07:00:00,1.0,61.63623545819931
0.0,2016-10-19 07:20:00,1.0,52.11733537001797
1.0,2016-10-19 07:20:00,1.0,85.30968244447884
0.0,2016-10-19 07:40:00,1.0,60.29093508126785
1.0,2016-10-19 07:40:00,1.0,97.10613844367226
0.0,2016-10-19 15:00:00,1.0,31.981016092627016
1.0,2016-10-19 15:00:00,1.0,98.68582852143743
0.0,2016-10-19 15:20:00,1.0,43.5226688292679
1.0,2016-10-19 15:20:00,1.0,94.70082831513255
0.0,2016-10-19 15:40:00,1.0,53.242508405189895
1.0,2016-10-19 15:40:00,1.0,111.34694629347524
0.0,2016-10-19 16:00:00,1.0,76.8620134025655
1.0,2016-10-19 16:00:00,1.0,87.46119847427059
0.0,2016-10-19 16:20:00,1.0,68.21095632022698
1.0,2016-10-19 16:20:00,1.0,99.82358355895337
0.0,2016-10-19 16:40:00,1.0,57.74675593394407
1.0,2016-10-19 16:40:00,1.0,118.58173735881064
0.0,2016-10-20 06:00:00,1.0,23.176446320886264
1.0,2016-10-20 06:00:00,1.0,39.530131535715526
0.0,2016-10-20 06:20:00,1.0,40.09721337005846
1.0,2016-10-20 06:20:00,1.0,52.36033928419254
0.0,2016-10-20 06:40:00,1.0,43.80411265807618
1.0,2016-10-20 06:40:00,1.0,62.07046909856675
0.0,2016-10-20 07:00:00,1.0,52.52569387757498
1.0,2016-10-20 07:00:00,1.0,72.86470291187771
0.0,2016-10-20 07:20:00,1.0,57.05926023913274
1.0,2016-10-20 07:20:00,1.0,109.07015780567465
0.0,2016-10-20 07:40:00,1.0,63.708759244959886
1.0,2016-10-20 07:40:00,1.0,90.71131763441126
0.0,2016-10-20 15:00:00,1.0,58.212181871526894
1.0,2016-10-20 15:00:00,1.0,91.48211220830439
0.0,2016-10-20 15:20:00,1.0,44.062646786206976
1.0,2016-10-20 15:20:00,1.0,94.67882967246182
0.0,2016-10-20 15:40:00,1.0,58.27899607347149
1.0,2016-10-20 15:40:00,1.0,114.61326296202773
0.0,2016-10-20 16:00:00,1.0,80.85074620758616
1.0,2016-10-20 16:00:00,1.0,119.1848015653249
0.0,2016-10-20 16:20:00,1.0,71.08058571312282
1.0,2016-10-20 16:20:00,1.0,87.71712792403453
0.0,2016-10-20 16:40:00,1.0,66.94064554535889
1.0,2016-10-20 16:40:00,1.0,123.72085120940903
0.0,2016-10-21 06:00:00,1.0,24.36734906515821
1.0,2016-10-21 06:00:00,1.0,39.498729174766474
0.0,2016-10-21 06:20:00,1.0,36.38034395734294
1.0,2016-10-21 06:20:00,1.0,63.17661440567865
0.0,2016-10-21 06:40:00,1.0,46.665575942054204
1.0,2016-10-21 06:40:00,1.0,61.67518398535411
0.0,2016-10-21 07:00:00,1.0,55.95231223376134
1.0,2016-10-21 07:00:00,1.0,88.34323057019245
0.0,2016-10-21 07:20:00,1.0,60.13051606032898
1.0,2016-10-21 07:20:00,1.0,125.71366294278347
0.0,2016-10-21 07:40:00,1.0,64.86157959270592
1.0,2016-10-21 07:40:00,1.0,86.86095759479664
0.0,2016-10-21 15:00:00,1.0,37.91169364061983
1.0,2016-10-21 15:00:00,1.0,83.39940838443002
0.0,2016-10-21 15:20:00,1.0,35.51237133550266
1.0,2016-10-21 15:20:00,1.0,93.666824439425
0.0,2016-10-21 15:40:00,1.0,66.8283061047581
1.0,2016-10-21 15:40:00,1.0,100.41822960565193
0.0,2016-10-21 16:00:00,1.0,86.0442605428385
1.0,2016-10-21 16:00:00,1.0,100.17764620344263
0.0,2016-10-21 16:20:00,1.0,76.83048834371282
1.0,2016-10-21 16:20:00,1.0,95.19543703526047
0.0,2016-10-21 16:40:00,1.0,66.07624077356219
1.0,2016-10-21 16:40:00,1.0,131.75714737135465
0.0,2016-10-22 06:00:00,1.0,24.734245543956398
1.0,2016-10-22 06:00:00,1.0,38.41509270186054
0.0,2016-10-22 06:20:00,1.0,32.35245168507394
1.0,2016-10-22 06:20:00,1.0,56.65275600916998
0.0,2016-10-22 06:40:00,1.0,47.875179445165
1.0,2016-10-22 06:40:00,1.0,58.82078944156876
0.0,2016-10-22 07:00:00,1.0,54.33314541358309
1.0,2016-10-22 07:00:00,1.0,96.9369135808286
0.0,2016-10-22 07:20:00,1.0,58.92055246195717
1.0,2016-10-22 07:20:00,1.0,130.60372736594857
0.0,2016-10-22 07:40:00,1.0,64.6091179236913
1.0,2016-10-22 07:40:00,1.0,84.37775199829365
0.0,2016-10-22 15:00:00,1.0,45.47414509996101
1.0,2016-10-22 15:00:00,1.0,99.03686337142219
0.0,2016-10-22 15:20:00,1.0,51.31652850104007
1.0,2016-10-22 15:20:00,1.0,93.11162691630273
0.0,2016-10-22 15:40:00,1.0,63.916821610966004
1.0,2016-10-22 15:40:00,1.0,96.75916610425648
0.0,2016-10-22 16:00:00,1.0,87.67867333341484
1.0,2016-10-22 16:00:00,1.0,120.08998246874235
0.0,2016-10-22 16:20:00,1.0,79.39493402627997
1.0,2016-10-22 16:20:00,1.0,91.8353520399292
0.0,2016-10-22 16:40:00,1.0,71.72673760802543
1.0,2016-10-22 16:40:00,1.0,125.82940768994887
0.0,2016-10-23 06:00:00,1.0,24.902187383436512
1.0,2016-10-23 06:00:00,1.0,36.84189769313432
0.0,2016-10-23 06:20:00,1.0,30.724489992294124
1.0,2016-10-23 06:20:00,1.0,56.30834691201329
0.0,2016-10-23 06:40:00,1.0,47.528051962821365
1.0,2016-10-23 06:40:00,1.0,55.88556766730536
0.0,2016-10-23 07:00:00,1.0,55.49945022601344
1.0,2016-10-23 07:00:00,1.0,97.90388080324148
0.0,2016-10-23 07:20:00,1.0,60.310369580345935
1.0,2016-10-23 07:20:00,1.0,127.38174550334111
0.0,2016-10-23 07:40:00,1.0,65.98242883754423
1.0,2016-10-23 07:40:00,1.0,80.74880587542012
0.0,2016-10-23 15:00:00,1.0,49.218100210215404
1.0,2016-10-23 15:00:00,1.0,86.53083962360944
0.0,2016-10-23 15:20:00,1.0,43.05466987369579
1.0,2016-10-23 15:20:00,1.0,92.4287891698076
0.0,2016-10-23 15:40:00,1.0,73.4071328248676
1.0,2016-10-23 15:40:00,1.0,102.27592909095281
0.0,2016-10-23 16:00:00,1.0,91.09063157634618
1.0,2016-10-23 16:00:00,1.0,92.2194389496935
0.0,2016-10-23 16:20:00,1.0,82.81143245461719
1.0,2016-10-23 16:20:00,1.0,95.07744062344567
0.0,2016-10-23 16:40:00,1.0,71.23660486011248
1.0,2016-10-23 16:40:00,1.0,126.64329167403649
0.0,2016-10-24 06:00:00,1.0,25.087723707236314
1.0,2016-10-24 06:00:00,1.0,37.02734404753043
0.0,2016-10-24 06:20:00,1.0,31.981359531706786
1.0,2016-10-24 06:20:00,1.0,54.22378480587206
0.0,2016-10-24 06:40:00,1.0,46.338923633381114
1.0,2016-10-24 06:40:00,1.0,54.652991326513366
0.0,2016-10-24 07:00:00,1.0,56.46806005668067
1.0,2016-10-24 07:00:00,1.0,93.99956534467401
0.0,2016-10-24 07:20:00,1.0,60.946446415524605
1.0,2016-10-24 07:20:00,1.0,123.46953931643561
0.0,2016-10-24 07:40:00,1.0,66.1812996779009
1.0,2016-10-24 07:40:00,1.0,79.36835272663164
0.0,2016-10-24 15:00:00,1.0,38.93584723074906
1.0,2016-10-24 15:00:00,1.0,86.19850261694233
0.0,2016-10-24 15:20:00,1.0,43.23458359439489
1.0,2016-10-24 15:20:00,1.0,91.85399414436117
0.0,2016-10-24 15:40:00,1.0,70.96113805153982
1.0,2016-10-24 15:40:00,1.0,116.41952210439001
0.0,2016-10-24 16:00:00,1.0,93.35908558231166
1.0,2016-10-24 16:00:00,1.0,117.60022522072677
0.0,2016-10-24 16:20:00,1.0,84.80723605463545
1.0,2016-10-24 16:20:00,1.0,90.77920498932819
0.0,2016-10-24 16:40:00,1.0,74.7293279931902
1.0,2016-10-24 16:40:00,1.0,120.91304272675713
0.0,2016-10-18 06:00:00,2.0,16.050475548061744
0.0,2016-10-18 06:20:00,2.0,29.731869057508295
0.0,2016-10-18 06:40:00,2.0,39.964166754099054
0.0,2016-10-18 07:00:00,2.0,37.82830975874305
0.0,2016-10-18 07:20:00,2.0,106.42574026193468
0.0,2016-10-18 07:40:00,2.0,75.572472349642
0.0,2016-10-18 15:00:00,2.0,115.49163795016155
0.0,2016-10-18 15:20:00,2.0,70.12917599844134
0.0,2016-10-18 15:40:00,2.0,53.05951226349552
0.0,2016-10-18 16:00:00,2.0,57.79302509167176
0.0,2016-10-18 16:20:00,2.0,89.18223862997085
0.0,2016-10-18 16:40:00,2.0,62.00622013223925
0.0,2016-10-19 06:00:00,2.0,23.59251873368143
0.0,2016-10-19 06:20:00,2.0,26.625788248295372
0.0,2016-10-19 06:40:00,2.0,39.726139533052134
0.0,2016-10-19 07:00:00,2.0,48.510738591911085
0.0,2016-10-19 07:20:00,2.0,102.25506733200169
0.0,2016-10-19 07:40:00,2.0,35.80061896194332
0.0,2016-10-19 15:00:00,2.0,144.84427780672425
0.0,2016-10-19 15:20:00,2.0,28.29216858608119
0.0,2016-10-19 15:40:00,2.0,52.17554527005849
0.0,2016-10-19 16:00:00,2.0,52.88756536361109
0.0,2016-10-19 16:20:00,2.0,92.59064673420349
0.0,2016-10-19 16:40:00,2.0,63.79167485389121
0.0,2016-10-20 06:00:00,2.0,24.805724019742613
0.0,2016-10-20 06:20:00,2.0,32.38625992785451
0.0,2016-10-20 06:40:00,2.0,39.95039195032958
0.0,2016-10-20 07:00:00,2.0,53.988763148434145
0.0,2016-10-20 07:20:00,2.0,125.06212623627448
0.0,2016-10-20 07:40:00,2.0,67.85572288214551
0.0,2016-10-20 15:00:00,2.0,157.9273066145465
0.0,2016-10-20 15:20:00,2.0,36.38122818648083
0.0,2016-10-20 15:40:00,2.0,68.77061913248083
0.0,2016-10-20 16:00:00,2.0,47.74806126964975
0.0,2016-10-20 16:20:00,2.0,92.46947615077318
0.0,2016-10-20 16:40:00,2.0,54.05221346160845
0.0,2016-10-21 06:00:00,2.0,22.251115132475732
0.0,2016-10-21 06:20:00,2.0,29.236870818064396
0.0,2016-10-21 06:40:00,2.0,38.22733011842537
0.0,2016-10-21 07:00:00,2.0,59.09897349482124
0.0,2016-10-21 07:20:00,2.0,122.2763559475942
0.0,2016-10-21 07:40:00,2.0,95.4035494375654
0.0,2016-10-21 15:00:00,2.0,159.26714827185245
0.0,2016-10-21 15:20:00,2.0,-1.5073061572906923
0.0,2016-10-21 15:40:00,2.0,48.13837290566789
0.0,2016-10-21 16:00:00,2.0,45.83818273934826
0.0,2016-10-21 16:20:00,2.0,94.13059267449607
0.0,2016-10-21 16:40:00,2.0,57.367832150187006
0.0,2016-10-22 06:00:00,2.0,19.196517900896804
0.0,2016-10-22 06:20:00,2.0,22.808500476556066
0.0,2016-10-22 06:40:00,2.0,37.88486522721206
0.0,2016-10-22 07:00:00,2.0,58.59316846872514
0.0,2016-10-22 07:20:00,2.0,105.24267296010807
0.0,2016-10-22 07:40:00,2.0,71.82092950569404
0.0,2016-10-22 15:00:00,2.0,150.4084881517641
0.0,2016-10-22 15:20:00,2.0,12.937741888895774
0.0,2016-10-22 15:40:00,2.0,54.0486320588291
0.0,2016-10-22 16:00:00,2.0,46.71313630051083
0.0,2016-10-22 16:20:00,2.0,92.49576402234842
0.0,2016-10-22 16:40:00,2.0,52.42510544762357
0.0,2016-10-23 06:00:00,2.0,18.801048532788872
0.0,2016-10-23 06:20:00,2.0,27.624360270297682
0.0,2016-10-23 06:40:00,2.0,37.51725443200521
0.0,2016-10-23 07:00:00,2.0,59.3286929542281
0.0,2016-10-23 07:20:00,2.0,120.94169244422628
0.0,2016-10-23 07:40:00,2.0,52.018143581855284
0.0,2016-10-23 15:00:00,2.0,132.6298290018443
0.0,2016-10-23 15:20:00,2.0,-16.70078785349937
0.0,2016-10-23 15:40:00,2.0,67.74515474077087
0.0,2016-10-23 16:00:00,2.0,49.90010021469467
0.0,2016-10-23 16:20:00,2.0,94.19828288918426
0.0,2016-10-23 16:40:00,2.0,50.892135496508445
0.0,2016-10-24 06:00:00,2.0,19.6940491741234
0.0,2016-10-24 06:20:00,2.0,30.364248902548113
0.0,2016-10-24 06:40:00,2.0,37.130037032528705
0.0,2016-10-24 07:00:00,2.0,56.84475164668817
0.0,2016-10-24 07:20:00,2.0,134.44843188959646
0.0,2016-10-24 07:40:00,2.0,68.27019324368163
0.0,2016-10-24 15:00:00,2.0,107.6630326303032
0.0,2016-10-24 15:20:00,2.0,7.221752960432356
0.0,2016-10-24 15:40:00,2.0,46.270617403560806
0.0,2016-10-24 16:00:00,2.0,54.463939278279234
0.0,2016-10-24 16:20:00,2.0,93.21303893291108
0.0,2016-10-24 16:40:00,2.0,52.85770612744439
0.0,2016-10-18 06:00:00,3.0,36.59210487484863
1.0,2016-10-18 06:00:00,3.0,28.197560887090837
0.0,2016-10-18 06:20:00,3.0,56.34454965034031
1.0,2016-10-18 06:20:00,3.0,44.516642873063994
0.0,2016-10-18 06:40:00,3.0,77.04178161979874
1.0,2016-10-18 06:40:00,3.0,45.436020097590884
0.0,2016-10-18 07:00:00,3.0,104.85643708039572
1.0,2016-10-18 07:00:00,3.0,47.113252151177036
0.0,2016-10-18 07:20:00,3.0,126.64689783387831
1.0,2016-10-18 07:20:00,3.0,81.93926603424384
0.0,2016-10-18 07:40:00,3.0,134.28025306824293
1.0,2016-10-18 07:40:00,3.0,83.13362379962152
0.0,2016-10-18 15:00:00,3.0,127.57386313247581
1.0,2016-10-18 15:00:00,3.0,91.20300984112974
0.0,2016-10-18 15:20:00,3.0,121.01795265402492
1.0,2016-10-18 15:20:00,3.0,135.79448001840586
0.0,2016-10-18 15:40:00,3.0,124.81644213028443
1.0,2016-10-18 15:40:00,3.0,84.56948094908181
0.0,2016-10-18 16:00:00,3.0,122.84607845455704
1.0,2016-10-18 16:00:00,3.0,70.82150508044003
0.0,2016-10-18 16:20:00,3.0,118.63925230905019
1.0,2016-10-18 16:20:00,3.0,84.65831917574862
0.0,2016-10-18 16:40:00,3.0,138.2304932253568
1.0,2016-10-18 16:40:00,3.0,79.60786084048867
0.0,2016-10-19 06:00:00,3.0,30.306223292397203
1.0,2016-10-19 06:00:00,3.0,25.813515581630455
0.0,2016-10-19 06:20:00,3.0,52.49600161165063
1.0,2016-10-19 06:20:00,3.0,51.365151825113585
0.0,2016-10-19 06:40:00,3.0,80.38479731192714
1.0,2016-10-19 06:40:00,3.0,47.287230496648455
0.0,2016-10-19 07:00:00,3.0,113.23631387910513
1.0,2016-10-19 07:00:00,3.0,48.80069466149159
0.0,2016-10-19 07:20:00,3.0,103.25370515416978
1.0,2016-10-19 07:20:00,3.0,92.0382217945037
0.0,2016-10-19 07:40:00,3.0,126.12926092412249
1.0,2016-10-19 07:40:00,3.0,74.35167968552649
0.0,2016-10-19 15:00:00,3.0,118.92715191816056
1.0,2016-10-19 15:00:00,3.0,93.57825132604455
0.0,2016-10-19 15:20:00,3.0,129.09576134110878
1.0,2016-10-19 15:20:00,3.0,126.96408719710031
0.0,2016-10-19 15:40:00,3.0,127.17791782648379
1.0,2016-10-19 15:40:00,3.0,90.98937434545314
0.0,2016-10-19 16:00:00,3.0,138.20530860867066
1.0,2016-10-19 16:00:00,3.0,101.43515111087697
0.0,2016-10-19 16:20:00,3.0,121.90413149142447
1.0,2016-10-19 16:20:00,3.0,92.04774520105411
0.0,2016-10-19 16:40:00,3.0,132.28217070583958
1.0,2016-10-19 16:40:00,3.0,80.94638664099915
0.0,2016-10-20 06:00:00,3.0,27.05972936643195
1.0,2016-10-20 06:00:00,3.0,32.075579453374075
0.0,2016-10-20 06:20:00,3.0,47.34220086403408
1.0,2016-10-20 06:20:00,3.0,56.11089728489782
0.0,2016-10-20 06:40:00,3.0,73.28705685679776
1.0,2016-10-20 06:40:00,3.0,40.165485700493626
0.0,2016-10-20 07:00:00,3.0,105.02297604627316
1.0,2016-10-20 07:00:00,3.0,60.79153196826576
0.0,2016-10-20 07:20:00,3.0,118.25626608971679
1.0,2016-10-20 07:20:00,3.0,111.09856106703958
0.0,2016-10-20 07:40:00,3.0,126.3335949551173
1.0,2016-10-20 07:40:00,3.0,87.03735812895067
0.0,2016-10-20 15:00:00,3.0,116.14257500728795
1.0,2016-10-20 15:00:00,3.0,100.15849426985737
0.0,2016-10-20 15:20:00,3.0,130.3144235272739
1.0,2016-10-20 15:20:00,3.0,135.86994669428395
0.0,2016-10-20 15:40:00,3.0,123.69585935688278
1.0,2016-10-20 15:40:00,3.0,84.67786639848381
0.0,2016-10-20 16:00:00,3.0,142.7854526249135
1.0,2016-10-20 16:00:00,3.0,82.2549520626354
0.0,2016-10-20 16:20:00,3.0,126.28845776169801
1.0,2016-10-20 16:20:00,3.0,81.73908574733117
0.0,2016-10-20 16:40:00,3.0,136.4697946076076
1.0,2016-10-20 16:40:00,3.0,78.06640008835366
0.0,2016-10-21 06:00:00,3.0,30.72820275092591
1.0,2016-10-21 06:00:00,3.0,32.507948068095
0.0,2016-10-21 06:20:00,3.0,46.37319659898155
1.0,2016-10-21 06:20:00,3.0,56.8325691293689
0.0,2016-10-21 06:40:00,3.0,77.54662089950622
1.0,2016-10-21 06:40:00,3.0,40.460756884439874
0.0,2016-10-21 07:00:00,3.0,105.49743710884174
1.0,2016-10-21 07:00:00,3.0,63.85205401709642
0.0,2016-10-21 07:20:00,3.0,109.35126417467717
1.0,2016-10-21 07:20:00,3.0,113.45523663159307
0.0,2016-10-21 07:40:00,3.0,126.02627023911677
1.0,2016-10-21 07:40:00,3.0,96.34523533432498
0.0,2016-10-21 15:00:00,3.0,122.24137673616741
1.0,2016-10-21 15:00:00,3.0,101.64037915428665
0.0,2016-10-21 15:20:00,3.0,121.98807737518918
1.0,2016-10-21 15:20:00,3.0,133.60674321407092
0.0,2016-10-21 15:40:00,3.0,118.68629770031256
1.0,2016-10-21 15:40:00,3.0,82.83769084903557
0.0,2016-10-21 16:00:00,3.0,134.62837836524966
1.0,2016-10-21 16:00:00,3.0,84.97835417391089
0.0,2016-10-21 16:20:00,3.0,122.96021786412068
1.0,2016-10-21 16:20:00,3.0,87.76578543103537
0.0,2016-10-21 16:40:00,3.0,125.22085643544594
1.0,2016-10-21 16:40:00,3.0,70.66575516931285
0.0,2016-10-22 06:00:00,3.0,35.92265384203623
1.0,2016-10-22 06:00:00,3.0,28.665543474956362
0.0,2016-10-22 06:20:00,3.0,50.73260964045152
1.0,2016-10-22 06:20:00,3.0,55.664197640429755
0.0,2016-10-22 06:40:00,3.0,75.06238298019592
1.0,2016-10-22 06:40:00,3.0,35.96444577375476
0.0,2016-10-22 07:00:00,3.0,104.14332160493642
1.0,2016-10-22 07:00:00,3.0,61.574661537251224
0.0,2016-10-22 07:20:00,3.0,119.22233908473616
1.0,2016-10-22 07:20:00,3.0,106.30800981512327
0.0,2016-10-22 07:40:00,3.0,127.30692693124581
1.0,2016-10-22 07:40:00,3.0,88.76014366167719
0.0,2016-10-22 15:00:00,3.0,127.2630466670791
1.0,2016-10-22 15:00:00,3.0,98.35663332967881
0.0,2016-10-22 15:20:00,3.0,119.21241889168091
1.0,2016-10-22 15:20:00,3.0,136.054825687556
0.0,2016-10-22 15:40:00,3.0,119.22184351174967
1.0,2016-10-22 15:40:00,3.0,88.9044081660559
0.0,2016-10-22 16:00:00,3.0,121.25893379255237
1.0,2016-10-22 16:00:00,3.0,87.54481820146738
0.0,2016-10-22 16:20:00,3.0,120.45565130638168
1.0,2016-10-22 16:20:00,3.0,80.72074657530399
0.0,2016-10-22 16:40:00,3.0,129.86355206825516
1.0,2016-10-22 16:40:00,3.0,73.91370917691762
0.0,2016-10-23 06:00:00,3.0,35.974678183032665
1.0,2016-10-23 06:00:00,3.0,26.499673508152185
0.0,2016-10-23 06:20:00,3.0,55.60306603795085
1.0,2016-10-23 06:20:00,3.0,54.45937198931217
0.0,2016-10-23 06:40:00,3.0,80.28312033104194
1.0,2016-10-23 06:40:00,3.0,37.54013637601771
0.0,2016-10-23 07:00:00,3.0,104.43861898899128
1.0,2016-10-23 07:00:00,3.0,59.34282837985425
0.0,2016-10-23 07:20:00,3.0,113.1650140365046
1.0,2016-10-23 07:20:00,3.0,103.69576036181869
0.0,2016-10-23 07:40:00,3.0,127.15893262010918
1.0,2016-10-23 07:40:00,3.0,77.50297814598336
0.0,2016-10-23 15:00:00,3.0,126.98169895198501
1.0,2016-10-23 15:00:00,3.0,99.60732338398452
0.0,2016-10-23 15:20:00,3.0,126.1133354752333
1.0,2016-10-23 15:20:00,3.0,138.42719929600815
0.0,2016-10-23 15:40:00,3.0,120.81688925051273
1.0,2016-10-23 15:40:00,3.0,82.30582002026848
0.0,2016-10-23 16:00:00,3.0,113.12905880538996
1.0,2016-10-23 16:00:00,3.0,83.17305022289275
0.0,2016-10-23 16:20:00,3.0,118.96670180047732
1.0,2016-10-23 16:20:00,3.0,85.09716992281359
0.0,2016-10-23 16:40:00,3.0,133.3374627468662
1.0,2016-10-23 16:40:00,3.0,71.14830473810596
0.0,2016-10-24 06:00:00,3.0,31.406911596437677
1.0,2016-10-24 06:00:00,3.0,32.117243957121104
0.0,2016-10-24 06:20:00,3.0,55.80152678054225
1.0,2016-10-24 06:20:00,3.0,54.28898653153482
0.0,2016-10-24 06:40:00,3.0,77.85284485224389
1.0,2016-10-24 06:40:00,3.0,34.76181838139032
0.0,2016-10-24 07:00:00,3.0,104.5308880507923
1.0,2016-10-24 07:00:00,3.0,59.3010770784031
0.0,2016-10-24 07:20:00,3.0,119.0760321615068
1.0,2016-10-24 07:20:00,3.0,107.74818686552895
0.0,2016-10-24 07:40:00,3.0,127.94252098834264
1.0,2016-10-24 07:40:00,3.0,79.07208713304438
0.0,2016-10-24 15:00:00,3.0,121.6956716462326
1.0,2016-10-24 15:00:00,3.0,106.15909733455055
0.0,2016-10-24 15:20:00,3.0,130.10865520373983
1.0,2016-10-24 15:20:00,3.0,138.79125439525612
0.0,2016-10-24 15:40:00,3.0,121.65071899687135
1.0,2016-10-24 15:40:00,3.0,83.1971936928029
0.0,2016-10-24 16:00:00,3.0,115.5824351723973
1.0,2016-10-24 16:00:00,3.0,84.39069459229836
0.0,2016-10-24 16:20:00,3.0,120.84407501509646
1.0,2016-10-24 16:20:00,3.0,80.32009669732352
0.0,2016-10-24 16:40:00,3.0,132.21840744053043
1.0,2016-10-24 16:40:00,3.0,65.66870980556473
