intersection_id,tollgate_id,time_window,avg_travel_time
A,2,"[2016-10-18 06:00:00,2016-10-18 06:20:00)",54.536907473662765
A,2,"[2016-10-18 06:20:00,2016-10-18 06:40:00)",52.60974143733493
A,2,"[2016-10-18 06:40:00,2016-10-18 07:00:00)",56.123566517140794
A,2,"[2016-10-18 07:00:00,2016-10-18 07:20:00)",56.08072131634805
A,2,"[2016-10-18 07:20:00,2016-10-18 07:40:00)",57.1249536798404
A,2,"[2016-10-18 07:40:00,2016-10-18 08:00:00)",65.14654784181089
A,2,"[2016-10-18 15:00:00,2016-10-18 15:20:00)",66.86416804607624
A,2,"[2016-10-18 15:20:00,2016-10-18 15:40:00)",66.29415793188288
A,2,"[2016-10-18 15:40:00,2016-10-18 16:00:00)",65.56127950297581
A,2,"[2016-10-18 16:00:00,2016-10-18 16:20:00)",64.83633369057073
A,2,"[2016-10-18 16:20:00,2016-10-18 16:40:00)",68.24698349947343
A,2,"[2016-10-18 16:40:00,2016-10-18 17:00:00)",65.31522579347894
A,2,"[2016-10-19 06:00:00,2016-10-19 06:20:00)",54.83137656283981
A,2,"[2016-10-19 06:20:00,2016-10-19 06:40:00)",53.817670571107115
A,2,"[2016-10-19 06:40:00,2016-10-19 07:00:00)",52.332085410586984
A,2,"[2016-10-19 07:00:00,2016-10-19 07:20:00)",53.95900782932241
A,2,"[2016-10-19 07:20:00,2016-10-19 07:40:00)",56.667030456575745
A,2,"[2016-10-19 07:40:00,2016-10-19 08:00:00)",65.72727977623065
A,2,"[2016-10-19 15:00:00,2016-10-19 15:20:00)",67.80526183962756
A,2,"[2016-10-19 15:20:00,2016-10-19 15:40:00)",68.92500648864024
A,2,"[2016-10-19 15:40:00,2016-10-19 16:00:00)",66.01516302189323
A,2,"[2016-10-19 16:00:00,2016-10-19 16:20:00)",64.70635846747977
A,2,"[2016-10-19 16:20:00,2016-10-19 16:40:00)",68.3484397682066
A,2,"[2016-10-19 16:40:00,2016-10-19 17:00:00)",64.95737152550225
A,2,"[2016-10-20 06:00:00,2016-10-20 06:20:00)",54.532148082210746
A,2,"[2016-10-20 06:20:00,2016-10-20 06:40:00)",54.33586441746354
A,2,"[2016-10-20 06:40:00,2016-10-20 07:00:00)",51.484692329852976
A,2,"[2016-10-20 07:00:00,2016-10-20 07:20:00)",56.7705027598811
A,2,"[2016-10-20 07:20:00,2016-10-20 07:40:00)",59.46077220640393
A,2,"[2016-10-20 07:40:00,2016-10-20 08:00:00)",67.93519199165087
A,2,"[2016-10-20 15:00:00,2016-10-20 15:20:00)",67.22565204017964
A,2,"[2016-10-20 15:20:00,2016-10-20 15:40:00)",69.01747867001762
A,2,"[2016-10-20 15:40:00,2016-10-20 16:00:00)",64.92186300857533
A,2,"[2016-10-20 16:00:00,2016-10-20 16:20:00)",66.15008608698245
A,2,"[2016-10-20 16:20:00,2016-10-20 16:40:00)",68.63074810095807
A,2,"[2016-10-20 16:40:00,2016-10-20 17:00:00)",65.03241709730653
A,2,"[2016-10-21 06:00:00,2016-10-21 06:20:00)",54.91939025739397
A,2,"[2016-10-21 06:20:00,2016-10-21 06:40:00)",53.792379403860984
A,2,"[2016-10-21 06:40:00,2016-10-21 07:00:00)",56.35523500958311
A,2,"[2016-10-21 07:00:00,2016-10-21 07:20:00)",55.49134787383934
A,2,"[2016-10-21 07:20:00,2016-10-21 07:40:00)",58.42969258644521
A,2,"[2016-10-21 07:40:00,2016-10-21 08:00:00)",65.95419347959842
A,2,"[2016-10-21 15:00:00,2016-10-21 15:20:00)",69.50031837739076
A,2,"[2016-10-21 15:20:00,2016-10-21 15:40:00)",70.65088817603393
A,2,"[2016-10-21 15:40:00,2016-10-21 16:00:00)",70.60464929120218
A,2,"[2016-10-21 16:00:00,2016-10-21 16:20:00)",71.30992455090453
A,2,"[2016-10-21 16:20:00,2016-10-21 16:40:00)",72.3914831075372
A,2,"[2016-10-21 16:40:00,2016-10-21 17:00:00)",70.34381685972303
A,2,"[2016-10-22 06:00:00,2016-10-22 06:20:00)",54.32272477564257
A,2,"[2016-10-22 06:20:00,2016-10-22 06:40:00)",54.5481162416929
A,2,"[2016-10-22 06:40:00,2016-10-22 07:00:00)",51.41183952835104
A,2,"[2016-10-22 07:00:00,2016-10-22 07:20:00)",59.32028219898615
A,2,"[2016-10-22 07:20:00,2016-10-22 07:40:00)",59.96519430903675
A,2,"[2016-10-22 07:40:00,2016-10-22 08:00:00)",66.74118207189971
A,2,"[2016-10-22 15:00:00,2016-10-22 15:20:00)",65.1672319585702
A,2,"[2016-10-22 15:20:00,2016-10-22 15:40:00)",67.69830512431251
A,2,"[2016-10-22 15:40:00,2016-10-22 16:00:00)",65.06134479414652
A,2,"[2016-10-22 16:00:00,2016-10-22 16:20:00)",67.45352635515425
A,2,"[2016-10-22 16:20:00,2016-10-22 16:40:00)",68.23665477550013
A,2,"[2016-10-22 16:40:00,2016-10-22 17:00:00)",64.68913292437635
A,2,"[2016-10-23 06:20:00,2016-10-23 06:40:00)",52.96699978254993
A,2,"[2016-10-23 06:40:00,2016-10-23 07:00:00)",53.05424732077421
A,2,"[2016-10-23 07:00:00,2016-10-23 07:20:00)",56.01473185556956
A,2,"[2016-10-23 07:20:00,2016-10-23 07:40:00)",58.35648772910603
A,2,"[2016-10-23 07:40:00,2016-10-23 08:00:00)",66.7503653786517
A,2,"[2016-10-23 15:00:00,2016-10-23 15:20:00)",69.84768649636756
A,2,"[2016-10-23 15:20:00,2016-10-23 15:40:00)",72.2316067875122
A,2,"[2016-10-23 15:40:00,2016-10-23 16:00:00)",69.87912404223259
A,2,"[2016-10-23 16:00:00,2016-10-23 16:20:00)",70.82944255184775
A,2,"[2016-10-23 16:20:00,2016-10-23 16:40:00)",71.51894463106328
A,2,"[2016-10-23 16:40:00,2016-10-23 17:00:00)",69.45609352536562
A,2,"[2016-10-24 06:00:00,2016-10-24 06:20:00)",53.60989004718807
A,2,"[2016-10-24 06:20:00,2016-10-24 06:40:00)",54.19735715391502
A,2,"[2016-10-24 06:40:00,2016-10-24 07:00:00)",54.57497432824135
A,2,"[2016-10-24 07:00:00,2016-10-24 07:20:00)",57.42966930324957
A,2,"[2016-10-24 07:20:00,2016-10-24 07:40:00)",59.1431677479729
A,2,"[2016-10-24 07:40:00,2016-10-24 08:00:00)",69.75178942499615
A,2,"[2016-10-24 15:00:00,2016-10-24 15:20:00)",68.30706939270499
A,2,"[2016-10-24 15:20:00,2016-10-24 15:40:00)",67.47233088902207
A,2,"[2016-10-24 15:40:00,2016-10-24 16:00:00)",66.03641746293141
A,2,"[2016-10-24 16:00:00,2016-10-24 16:20:00)",66.78681441420999
A,2,"[2016-10-24 16:20:00,2016-10-24 16:40:00)",68.2015650053058
A,2,"[2016-10-24 16:40:00,2016-10-24 17:00:00)",64.48078419690466
A,3,"[2016-10-18 06:00:00,2016-10-18 06:20:00)",111.25404258721926
A,3,"[2016-10-18 06:20:00,2016-10-18 06:40:00)",108.5412122772691
A,3,"[2016-10-18 06:40:00,2016-10-18 07:00:00)",117.2354964035476
A,3,"[2016-10-18 07:00:00,2016-10-18 07:20:00)",126.55996783503014
A,3,"[2016-10-18 07:20:00,2016-10-18 07:40:00)",135.29838442360176
A,3,"[2016-10-18 07:40:00,2016-10-18 08:00:00)",137.03145189769234
A,3,"[2016-10-18 15:00:00,2016-10-18 15:20:00)",114.00529999306912
A,3,"[2016-10-18 15:20:00,2016-10-18 15:40:00)",113.55817682022455
A,3,"[2016-10-18 15:40:00,2016-10-18 16:00:00)",115.13857703411301
A,3,"[2016-10-18 16:00:00,2016-10-18 16:20:00)",116.8994887177868
A,3,"[2016-10-18 16:20:00,2016-10-18 16:40:00)",117.43542549071142
A,3,"[2016-10-18 16:40:00,2016-10-18 17:00:00)",116.58856656884328
A,3,"[2016-10-19 06:00:00,2016-10-19 06:20:00)",111.54770325782638
A,3,"[2016-10-19 06:20:00,2016-10-19 06:40:00)",109.06570820916824
A,3,"[2016-10-19 06:40:00,2016-10-19 07:00:00)",115.14807756594816
A,3,"[2016-10-19 07:00:00,2016-10-19 07:20:00)",128.37796763963632
A,3,"[2016-10-19 07:20:00,2016-10-19 07:40:00)",137.78743130183364
A,3,"[2016-10-19 07:40:00,2016-10-19 08:00:00)",139.08440308971504
A,3,"[2016-10-19 15:00:00,2016-10-19 15:20:00)",116.4520705868084
A,3,"[2016-10-19 15:20:00,2016-10-19 15:40:00)",115.99252359348853
A,3,"[2016-10-19 15:40:00,2016-10-19 16:00:00)",117.48580889809841
A,3,"[2016-10-19 16:00:00,2016-10-19 16:20:00)",112.0772005819644
A,3,"[2016-10-19 16:20:00,2016-10-19 16:40:00)",112.56357250107257
A,3,"[2016-10-19 16:40:00,2016-10-19 17:00:00)",111.96570421148022
A,3,"[2016-10-20 06:00:00,2016-10-20 06:20:00)",110.84857945481043
A,3,"[2016-10-20 06:20:00,2016-10-20 06:40:00)",108.1228022269523
A,3,"[2016-10-20 06:40:00,2016-10-20 07:00:00)",116.98265786793569
A,3,"[2016-10-20 07:00:00,2016-10-20 07:20:00)",130.2522116450025
A,3,"[2016-10-20 07:20:00,2016-10-20 07:40:00)",138.5252994234585
A,3,"[2016-10-20 07:40:00,2016-10-20 08:00:00)",139.47205081038192
A,3,"[2016-10-20 15:00:00,2016-10-20 15:20:00)",115.25339078728749
A,3,"[2016-10-20 15:20:00,2016-10-20 15:40:00)",114.64174567676359
A,3,"[2016-10-20 15:40:00,2016-10-20 16:00:00)",116.24004123798507
A,3,"[2016-10-20 16:00:00,2016-10-20 16:20:00)",114.21600128570155
A,3,"[2016-10-20 16:20:00,2016-10-20 16:40:00)",114.71497011657152
A,3,"[2016-10-20 16:40:00,2016-10-20 17:00:00)",113.87042281388756
A,3,"[2016-10-21 06:00:00,2016-10-21 06:20:00)",108.8888152906643
A,3,"[2016-10-21 06:20:00,2016-10-21 06:40:00)",106.5125983428453
A,3,"[2016-10-21 06:40:00,2016-10-21 07:00:00)",114.51459338563784
A,3,"[2016-10-21 07:00:00,2016-10-21 07:20:00)",125.61746767369813
A,3,"[2016-10-21 07:20:00,2016-10-21 07:40:00)",134.04285717902698
A,3,"[2016-10-21 07:40:00,2016-10-21 08:00:00)",135.421122311597
A,3,"[2016-10-21 15:00:00,2016-10-21 15:20:00)",111.61303254351903
A,3,"[2016-10-21 15:20:00,2016-10-21 15:40:00)",110.8746840882675
A,3,"[2016-10-21 15:40:00,2016-10-21 16:00:00)",112.32547224961247
A,3,"[2016-10-21 16:00:00,2016-10-21 16:20:00)",113.8911069097464
A,3,"[2016-10-21 16:20:00,2016-10-21 16:40:00)",114.38453402318856
A,3,"[2016-10-21 16:40:00,2016-10-21 17:00:00)",113.73694626412907
A,3,"[2016-10-22 06:00:00,2016-10-22 06:20:00)",104.85666057533888
A,3,"[2016-10-22 06:20:00,2016-10-22 06:40:00)",102.64302183044465
A,3,"[2016-10-22 06:40:00,2016-10-22 07:00:00)",105.49219506841209
A,3,"[2016-10-22 07:00:00,2016-10-22 07:20:00)",111.82443457419566
A,3,"[2016-10-22 07:20:00,2016-10-22 07:40:00)",119.07590778176774
A,3,"[2016-10-22 07:40:00,2016-10-22 08:00:00)",121.62211066333683
A,3,"[2016-10-22 15:00:00,2016-10-22 15:20:00)",114.08208608146357
A,3,"[2016-10-22 15:20:00,2016-10-22 15:40:00)",111.3164662869883
A,3,"[2016-10-22 15:40:00,2016-10-22 16:00:00)",112.52566831943383
A,3,"[2016-10-22 16:00:00,2016-10-22 16:20:00)",112.25244697831121
A,3,"[2016-10-22 16:20:00,2016-10-22 16:40:00)",112.60678470415662
A,3,"[2016-10-22 16:40:00,2016-10-22 17:00:00)",111.95662771434299
A,3,"[2016-10-23 06:00:00,2016-10-23 06:20:00)",107.02932959198031
A,3,"[2016-10-23 06:20:00,2016-10-23 06:40:00)",104.63903026294503
A,3,"[2016-10-23 06:40:00,2016-10-23 07:00:00)",107.5126782491076
A,3,"[2016-10-23 07:00:00,2016-10-23 07:20:00)",103.71153287469726
A,3,"[2016-10-23 07:20:00,2016-10-23 07:40:00)",114.07551030314664
A,3,"[2016-10-23 07:40:00,2016-10-23 08:00:00)",117.94471946578669
A,3,"[2016-10-23 15:00:00,2016-10-23 15:20:00)",110.57092913119297
A,3,"[2016-10-23 15:20:00,2016-10-23 15:40:00)",109.97863134480946
A,3,"[2016-10-23 15:40:00,2016-10-23 16:00:00)",111.26844993460846
A,3,"[2016-10-23 16:00:00,2016-10-23 16:20:00)",114.51729166465826
A,3,"[2016-10-23 16:20:00,2016-10-23 16:40:00)",114.93255754174427
A,3,"[2016-10-23 16:40:00,2016-10-23 17:00:00)",114.11398755140328
A,3,"[2016-10-24 06:00:00,2016-10-24 06:20:00)",109.59332219155449
A,3,"[2016-10-24 06:20:00,2016-10-24 06:40:00)",107.05262681655489
A,3,"[2016-10-24 06:40:00,2016-10-24 07:00:00)",116.02025355320232
A,3,"[2016-10-24 07:00:00,2016-10-24 07:20:00)",129.608084775176
A,3,"[2016-10-24 07:20:00,2016-10-24 07:40:00)",138.1367109002877
A,3,"[2016-10-24 07:40:00,2016-10-24 08:00:00)",138.812337885808
A,3,"[2016-10-24 15:00:00,2016-10-24 15:20:00)",111.43990255118145
A,3,"[2016-10-24 15:20:00,2016-10-24 15:40:00)",110.76192702385151
A,3,"[2016-10-24 15:40:00,2016-10-24 16:00:00)",112.3234679843425
A,3,"[2016-10-24 16:00:00,2016-10-24 16:20:00)",112.36391223365204
A,3,"[2016-10-24 16:20:00,2016-10-24 16:40:00)",112.84672243104701
A,3,"[2016-10-24 16:40:00,2016-10-24 17:00:00)",112.21383208246543
B,1,"[2016-10-18 06:00:00,2016-10-18 06:20:00)",113.5120424885824
B,1,"[2016-10-18 06:20:00,2016-10-18 06:40:00)",114.77459613666619
B,1,"[2016-10-18 06:40:00,2016-10-18 07:00:00)",128.76940677823026
B,1,"[2016-10-18 07:00:00,2016-10-18 07:20:00)",118.39018872723042
B,1,"[2016-10-18 07:40:00,2016-10-18 08:00:00)",118.08321958486425
B,1,"[2016-10-18 15:00:00,2016-10-18 15:20:00)",126.29245491584909
B,1,"[2016-10-18 15:20:00,2016-10-18 15:40:00)",117.05820112092714
B,1,"[2016-10-18 15:40:00,2016-10-18 16:00:00)",118.54784685466318
B,1,"[2016-10-18 16:00:00,2016-10-18 16:20:00)",121.64269746042478
B,1,"[2016-10-18 16:20:00,2016-10-18 16:40:00)",120.25175838003807
B,1,"[2016-10-19 06:00:00,2016-10-19 06:20:00)",116.2963886068572
B,1,"[2016-10-19 06:40:00,2016-10-19 07:00:00)",130.35841091290058
B,1,"[2016-10-19 07:00:00,2016-10-19 07:20:00)",112.43664401921308
B,1,"[2016-10-19 07:20:00,2016-10-19 07:40:00)",114.63961365946544
B,1,"[2016-10-19 07:40:00,2016-10-19 08:00:00)",111.85129856734592
B,1,"[2016-10-19 15:00:00,2016-10-19 15:20:00)",126.19793357798144
B,1,"[2016-10-19 15:20:00,2016-10-19 15:40:00)",123.44452456577991
B,1,"[2016-10-19 15:40:00,2016-10-19 16:00:00)",119.00125806781725
B,1,"[2016-10-19 16:00:00,2016-10-19 16:20:00)",117.30996857287687
B,1,"[2016-10-19 16:20:00,2016-10-19 16:40:00)",118.73007494947115
B,1,"[2016-10-19 16:40:00,2016-10-19 17:00:00)",115.19149183436642
B,1,"[2016-10-20 06:00:00,2016-10-20 06:20:00)",112.67436198452793
B,1,"[2016-10-20 06:40:00,2016-10-20 07:00:00)",131.34066302725049
B,1,"[2016-10-20 07:00:00,2016-10-20 07:20:00)",111.87133372753405
B,1,"[2016-10-20 07:20:00,2016-10-20 07:40:00)",115.26636051274635
B,1,"[2016-10-20 07:40:00,2016-10-20 08:00:00)",114.50179651608025
B,1,"[2016-10-20 15:00:00,2016-10-20 15:20:00)",126.65193411766846
B,1,"[2016-10-20 15:20:00,2016-10-20 15:40:00)",119.19765652987172
B,1,"[2016-10-20 15:40:00,2016-10-20 16:00:00)",123.98440161466671
B,1,"[2016-10-20 16:20:00,2016-10-20 16:40:00)",117.22306320820336
B,1,"[2016-10-20 16:40:00,2016-10-20 17:00:00)",114.36049621854742
B,1,"[2016-10-21 06:20:00,2016-10-21 06:40:00)",115.83845931758681
B,1,"[2016-10-21 06:40:00,2016-10-21 07:00:00)",130.93344335996247
B,1,"[2016-10-21 07:00:00,2016-10-21 07:20:00)",112.97761367848999
B,1,"[2016-10-21 07:20:00,2016-10-21 07:40:00)",116.08495147135554
B,1,"[2016-10-21 07:40:00,2016-10-21 08:00:00)",112.54236405235756
B,1,"[2016-10-21 15:00:00,2016-10-21 15:20:00)",127.69678976269707
B,1,"[2016-10-21 15:20:00,2016-10-21 15:40:00)",124.64969453222659
B,1,"[2016-10-21 15:40:00,2016-10-21 16:00:00)",123.32046793109939
B,1,"[2016-10-21 16:00:00,2016-10-21 16:20:00)",127.52517590150384
B,1,"[2016-10-21 16:20:00,2016-10-21 16:40:00)",126.73036107203508
B,1,"[2016-10-21 16:40:00,2016-10-21 17:00:00)",128.52927524059672
B,1,"[2016-10-22 06:00:00,2016-10-22 06:20:00)",115.59086269232829
B,1,"[2016-10-22 06:20:00,2016-10-22 06:40:00)",116.70219092028606
B,1,"[2016-10-22 06:40:00,2016-10-22 07:00:00)",131.62190107644568
B,1,"[2016-10-22 07:00:00,2016-10-22 07:20:00)",124.73878526062937
B,1,"[2016-10-22 07:20:00,2016-10-22 07:40:00)",126.39958537965052
B,1,"[2016-10-22 07:40:00,2016-10-22 08:00:00)",124.29707256768532
B,1,"[2016-10-22 15:00:00,2016-10-22 15:20:00)",127.61721491079267
B,1,"[2016-10-22 15:20:00,2016-10-22 15:40:00)",123.07281668377827
B,1,"[2016-10-22 15:40:00,2016-10-22 16:00:00)",122.05595446410845
B,1,"[2016-10-22 16:00:00,2016-10-22 16:20:00)",122.52477033321742
B,1,"[2016-10-22 16:20:00,2016-10-22 16:40:00)",121.38233982158374
B,1,"[2016-10-22 16:40:00,2016-10-22 17:00:00)",121.75985156667862
B,1,"[2016-10-23 06:00:00,2016-10-23 06:20:00)",113.71286768108709
B,1,"[2016-10-23 06:20:00,2016-10-23 06:40:00)",115.10524224954612
B,1,"[2016-10-23 06:40:00,2016-10-23 07:00:00)",130.77571012129783
B,1,"[2016-10-23 07:00:00,2016-10-23 07:20:00)",110.73564845079235
B,1,"[2016-10-23 07:40:00,2016-10-23 08:00:00)",111.48459321382049
B,1,"[2016-10-23 15:00:00,2016-10-23 15:20:00)",129.2727206435568
B,1,"[2016-10-23 15:20:00,2016-10-23 15:40:00)",125.77540722108795
B,1,"[2016-10-23 15:40:00,2016-10-23 16:00:00)",128.1567259407337
B,1,"[2016-10-23 16:00:00,2016-10-23 16:20:00)",127.58873994658596
B,1,"[2016-10-23 16:20:00,2016-10-23 16:40:00)",128.35530236293167
B,1,"[2016-10-23 16:40:00,2016-10-23 17:00:00)",128.4168117364009
B,1,"[2016-10-24 06:00:00,2016-10-24 06:20:00)",112.52603274149585
B,1,"[2016-10-24 06:40:00,2016-10-24 07:00:00)",131.07623428689803
B,1,"[2016-10-24 07:00:00,2016-10-24 07:20:00)",111.67377174146652
B,1,"[2016-10-24 07:40:00,2016-10-24 08:00:00)",114.34660526163287
B,1,"[2016-10-24 15:00:00,2016-10-24 15:20:00)",122.48914348848417
B,1,"[2016-10-24 15:20:00,2016-10-24 15:40:00)",116.469328321001
B,1,"[2016-10-24 15:40:00,2016-10-24 16:00:00)",113.30151749111046
B,1,"[2016-10-24 16:00:00,2016-10-24 16:20:00)",117.96156207645978
B,1,"[2016-10-24 16:20:00,2016-10-24 16:40:00)",116.50033786151445
B,1,"[2016-10-24 16:40:00,2016-10-24 17:00:00)",116.22595699222333
B,3,"[2016-10-18 06:00:00,2016-10-18 06:20:00)",89.59320204151265
B,3,"[2016-10-18 06:20:00,2016-10-18 06:40:00)",91.78534454773165
B,3,"[2016-10-18 06:40:00,2016-10-18 07:00:00)",98.01304727851904
B,3,"[2016-10-18 07:00:00,2016-10-18 07:20:00)",92.85464323656961
B,3,"[2016-10-18 07:20:00,2016-10-18 07:40:00)",87.26879811262351
B,3,"[2016-10-18 07:40:00,2016-10-18 08:00:00)",98.67794185718532
B,3,"[2016-10-18 15:00:00,2016-10-18 15:20:00)",97.55644283124275
B,3,"[2016-10-18 15:20:00,2016-10-18 15:40:00)",94.27190375505658
B,3,"[2016-10-18 15:40:00,2016-10-18 16:00:00)",98.38342595680325
B,3,"[2016-10-18 16:00:00,2016-10-18 16:20:00)",98.0628239861188
B,3,"[2016-10-18 16:20:00,2016-10-18 16:40:00)",97.92826221799999
B,3,"[2016-10-18 16:40:00,2016-10-18 17:00:00)",100.776350305636
B,3,"[2016-10-19 06:00:00,2016-10-19 06:20:00)",89.70872155547625
B,3,"[2016-10-19 06:20:00,2016-10-19 06:40:00)",100.05494279671558
B,3,"[2016-10-19 07:00:00,2016-10-19 07:20:00)",96.40663628033177
B,3,"[2016-10-19 07:20:00,2016-10-19 07:40:00)",88.72741754197251
B,3,"[2016-10-19 07:40:00,2016-10-19 08:00:00)",100.10356643785005
B,3,"[2016-10-19 15:00:00,2016-10-19 15:20:00)",97.44869278617281
B,3,"[2016-10-19 15:20:00,2016-10-19 15:40:00)",99.68196630961478
B,3,"[2016-10-19 15:40:00,2016-10-19 16:00:00)",99.18439778685578
B,3,"[2016-10-19 16:00:00,2016-10-19 16:20:00)",94.36024167181847
B,3,"[2016-10-19 16:20:00,2016-10-19 16:40:00)",96.68952551622833
B,3,"[2016-10-19 16:40:00,2016-10-19 17:00:00)",99.60376842008709
B,3,"[2016-10-20 06:00:00,2016-10-20 06:20:00)",89.60340032597853
B,3,"[2016-10-20 06:20:00,2016-10-20 06:40:00)",92.28226418817269
B,3,"[2016-10-20 06:40:00,2016-10-20 07:00:00)",98.13495774686666
B,3,"[2016-10-20 07:20:00,2016-10-20 07:40:00)",88.14092660833131
B,3,"[2016-10-20 07:40:00,2016-10-20 08:00:00)",100.97371437377483
B,3,"[2016-10-20 15:00:00,2016-10-20 15:20:00)",99.15226806158951
B,3,"[2016-10-20 15:20:00,2016-10-20 15:40:00)",101.22210223946739
B,3,"[2016-10-20 15:40:00,2016-10-20 16:00:00)",99.65519373621025
B,3,"[2016-10-20 16:00:00,2016-10-20 16:20:00)",97.90176261085463
B,3,"[2016-10-20 16:20:00,2016-10-20 16:40:00)",98.74579984825927
B,3,"[2016-10-20 16:40:00,2016-10-20 17:00:00)",101.30658312501717
B,3,"[2016-10-21 06:20:00,2016-10-21 06:40:00)",99.65154095392089
B,3,"[2016-10-21 06:40:00,2016-10-21 07:00:00)",98.25339813237795
B,3,"[2016-10-21 07:00:00,2016-10-21 07:20:00)",103.77251443897607
B,3,"[2016-10-21 07:20:00,2016-10-21 07:40:00)",88.53175336565985
B,3,"[2016-10-21 07:40:00,2016-10-21 08:00:00)",100.62089985599154
B,3,"[2016-10-21 15:00:00,2016-10-21 15:20:00)",103.15423721287405
B,3,"[2016-10-21 15:20:00,2016-10-21 15:40:00)",101.30745716930062
B,3,"[2016-10-21 15:40:00,2016-10-21 16:00:00)",104.75865786728247
B,3,"[2016-10-21 16:00:00,2016-10-21 16:20:00)",105.92132879645149
B,3,"[2016-10-21 16:20:00,2016-10-21 16:40:00)",105.41303656014276
B,3,"[2016-10-21 16:40:00,2016-10-21 17:00:00)",108.45054955081478
B,3,"[2016-10-22 06:40:00,2016-10-22 07:00:00)",102.0603395101315
B,3,"[2016-10-22 07:00:00,2016-10-22 07:20:00)",99.14727914489379
B,3,"[2016-10-22 07:20:00,2016-10-22 07:40:00)",92.6271369780086
B,3,"[2016-10-22 07:40:00,2016-10-22 08:00:00)",103.26043581290821
B,3,"[2016-10-22 15:00:00,2016-10-22 15:20:00)",101.85308571735747
B,3,"[2016-10-22 15:20:00,2016-10-22 15:40:00)",104.17390795767034
B,3,"[2016-10-22 15:40:00,2016-10-22 16:00:00)",102.33829354751023
B,3,"[2016-10-22 16:00:00,2016-10-22 16:20:00)",101.82180714011989
B,3,"[2016-10-22 16:20:00,2016-10-22 16:40:00)",102.40222362751007
B,3,"[2016-10-22 16:40:00,2016-10-22 17:00:00)",105.68198589389294
B,3,"[2016-10-23 06:20:00,2016-10-23 06:40:00)",98.52557498309987
B,3,"[2016-10-23 07:00:00,2016-10-23 07:20:00)",93.7837875492742
B,3,"[2016-10-23 07:20:00,2016-10-23 07:40:00)",87.76346268700821
B,3,"[2016-10-23 07:40:00,2016-10-23 08:00:00)",100.01117282979541
B,3,"[2016-10-23 15:00:00,2016-10-23 15:20:00)",102.00472048093951
B,3,"[2016-10-23 15:20:00,2016-10-23 15:40:00)",104.08991665035526
B,3,"[2016-10-23 15:40:00,2016-10-23 16:00:00)",103.08440394454165
B,3,"[2016-10-23 16:00:00,2016-10-23 16:20:00)",103.3798160823242
B,3,"[2016-10-23 16:20:00,2016-10-23 16:40:00)",105.11855485693135
B,3,"[2016-10-23 16:40:00,2016-10-23 17:00:00)",107.4673086089408
B,3,"[2016-10-24 06:00:00,2016-10-24 06:20:00)",94.20346077553722
B,3,"[2016-10-24 06:20:00,2016-10-24 06:40:00)",95.07820538887793
B,3,"[2016-10-24 06:40:00,2016-10-24 07:00:00)",99.72863448653187
B,3,"[2016-10-24 07:00:00,2016-10-24 07:20:00)",100.8321278606203
B,3,"[2016-10-24 07:20:00,2016-10-24 07:40:00)",90.88779158156493
B,3,"[2016-10-24 07:40:00,2016-10-24 08:00:00)",102.92660410993588
B,3,"[2016-10-24 15:00:00,2016-10-24 15:20:00)",100.02263575279096
B,3,"[2016-10-24 15:20:00,2016-10-24 15:40:00)",96.40214955137004
B,3,"[2016-10-24 15:40:00,2016-10-24 16:00:00)",100.20831663510855
B,3,"[2016-10-24 16:00:00,2016-10-24 16:20:00)",99.92470559548806
B,3,"[2016-10-24 16:20:00,2016-10-24 16:40:00)",99.30886902039828
B,3,"[2016-10-24 16:40:00,2016-10-24 17:00:00)",102.39077191630392
C,1,"[2016-10-18 06:00:00,2016-10-18 06:20:00)",159.97832077458378
C,1,"[2016-10-18 06:20:00,2016-10-18 06:40:00)",158.59118062636176
C,1,"[2016-10-18 06:40:00,2016-10-18 07:00:00)",161.81164828502835
C,1,"[2016-10-18 07:00:00,2016-10-18 07:20:00)",169.43895101119898
C,1,"[2016-10-18 07:20:00,2016-10-18 07:40:00)",169.73381589753876
C,1,"[2016-10-18 07:40:00,2016-10-18 08:00:00)",173.78295176021663
C,1,"[2016-10-18 15:00:00,2016-10-18 15:20:00)",172.73472070395587
C,1,"[2016-10-18 15:20:00,2016-10-18 15:40:00)",176.6407418710388
C,1,"[2016-10-18 15:40:00,2016-10-18 16:00:00)",182.53637648445834
C,1,"[2016-10-18 16:00:00,2016-10-18 16:20:00)",179.58689794178605
C,1,"[2016-10-18 16:20:00,2016-10-18 16:40:00)",178.46648302089886
C,1,"[2016-10-18 16:40:00,2016-10-18 17:00:00)",181.81401593160288
C,1,"[2016-10-19 07:00:00,2016-10-19 07:20:00)",162.122740969489
C,1,"[2016-10-19 07:20:00,2016-10-19 07:40:00)",164.38687269099307
C,1,"[2016-10-19 15:00:00,2016-10-19 15:20:00)",178.14942706459163
C,1,"[2016-10-19 15:20:00,2016-10-19 15:40:00)",181.81385667074295
C,1,"[2016-10-19 15:40:00,2016-10-19 16:00:00)",185.74165940179182
C,1,"[2016-10-19 16:00:00,2016-10-19 16:20:00)",176.52305177727243
C,1,"[2016-10-19 16:20:00,2016-10-19 16:40:00)",180.09570373366304
C,1,"[2016-10-19 16:40:00,2016-10-19 17:00:00)",175.1212775814037
C,1,"[2016-10-20 06:20:00,2016-10-20 06:40:00)",159.30367510731193
C,1,"[2016-10-20 06:40:00,2016-10-20 07:00:00)",161.2306952743576
C,1,"[2016-10-20 07:00:00,2016-10-20 07:20:00)",161.40253447029994
C,1,"[2016-10-20 15:00:00,2016-10-20 15:20:00)",179.29435023979298
C,1,"[2016-10-20 15:20:00,2016-10-20 15:40:00)",180.5728854598607
C,1,"[2016-10-20 15:40:00,2016-10-20 16:00:00)",183.08973861594814
C,1,"[2016-10-20 16:00:00,2016-10-20 16:20:00)",178.0292141759295
C,1,"[2016-10-20 16:20:00,2016-10-20 16:40:00)",181.22679429854492
C,1,"[2016-10-20 16:40:00,2016-10-20 17:00:00)",176.57586722200702
C,1,"[2016-10-21 06:20:00,2016-10-21 06:40:00)",164.18226946884295
C,1,"[2016-10-21 07:00:00,2016-10-21 07:20:00)",163.7385248908649
C,1,"[2016-10-21 07:40:00,2016-10-21 08:00:00)",166.8695011790925
C,1,"[2016-10-21 15:00:00,2016-10-21 15:20:00)",184.87309307992203
C,1,"[2016-10-21 15:20:00,2016-10-21 15:40:00)",185.34969295538366
C,1,"[2016-10-21 15:40:00,2016-10-21 16:00:00)",189.05916779620378
C,1,"[2016-10-21 16:00:00,2016-10-21 16:20:00)",189.04385958745436
C,1,"[2016-10-21 16:20:00,2016-10-21 16:40:00)",189.7690769880322
C,1,"[2016-10-21 16:40:00,2016-10-21 17:00:00)",193.42371673440357
C,1,"[2016-10-22 06:20:00,2016-10-22 06:40:00)",160.81265053362583
C,1,"[2016-10-22 06:40:00,2016-10-22 07:00:00)",162.25161968018296
C,1,"[2016-10-22 07:20:00,2016-10-22 07:40:00)",176.47079774755804
C,1,"[2016-10-22 07:40:00,2016-10-22 08:00:00)",178.36693813467923
C,1,"[2016-10-22 15:20:00,2016-10-22 15:40:00)",184.6869195881669
C,1,"[2016-10-22 15:40:00,2016-10-22 16:00:00)",186.96832983534605
C,1,"[2016-10-22 16:00:00,2016-10-22 16:20:00)",180.77185976399383
C,1,"[2016-10-22 16:20:00,2016-10-22 16:40:00)",180.70873247593465
C,1,"[2016-10-22 16:40:00,2016-10-22 17:00:00)",182.39213430493453
C,1,"[2016-10-23 06:00:00,2016-10-23 06:20:00)",164.24715520559926
C,1,"[2016-10-23 06:40:00,2016-10-23 07:00:00)",162.473266050278
C,1,"[2016-10-23 07:00:00,2016-10-23 07:20:00)",162.32462236452096
C,1,"[2016-10-23 07:20:00,2016-10-23 07:40:00)",162.05878597286537
C,1,"[2016-10-23 07:40:00,2016-10-23 08:00:00)",164.44574375079625
C,1,"[2016-10-23 15:00:00,2016-10-23 15:20:00)",183.00736789084547
C,1,"[2016-10-23 15:20:00,2016-10-23 15:40:00)",185.16481634404332
C,1,"[2016-10-23 15:40:00,2016-10-23 16:00:00)",187.46538975835736
C,1,"[2016-10-23 16:00:00,2016-10-23 16:20:00)",187.14384329230163
C,1,"[2016-10-23 16:20:00,2016-10-23 16:40:00)",190.4097800121814
C,1,"[2016-10-23 16:40:00,2016-10-23 17:00:00)",187.90865009713008
C,1,"[2016-10-24 06:00:00,2016-10-24 06:20:00)",159.4170221989235
C,1,"[2016-10-24 06:40:00,2016-10-24 07:00:00)",160.8032663351359
C,1,"[2016-10-24 07:00:00,2016-10-24 07:20:00)",160.31924865267843
C,1,"[2016-10-24 07:20:00,2016-10-24 07:40:00)",160.10877744636204
C,1,"[2016-10-24 07:40:00,2016-10-24 08:00:00)",163.9082600951453
C,1,"[2016-10-24 15:00:00,2016-10-24 15:20:00)",173.53309061566384
C,1,"[2016-10-24 15:20:00,2016-10-24 15:40:00)",176.01467154129566
C,1,"[2016-10-24 15:40:00,2016-10-24 16:00:00)",180.71437693144122
C,1,"[2016-10-24 16:00:00,2016-10-24 16:20:00)",176.83985093386474
C,1,"[2016-10-24 16:20:00,2016-10-24 16:40:00)",180.23414928471018
C,1,"[2016-10-24 16:40:00,2016-10-24 17:00:00)",177.1565163912379
C,3,"[2016-10-18 06:40:00,2016-10-18 07:00:00)",163.41746681352708
C,3,"[2016-10-18 07:00:00,2016-10-18 07:20:00)",165.98413465096684
C,3,"[2016-10-18 15:00:00,2016-10-18 15:20:00)",171.31969924462857
C,3,"[2016-10-18 15:20:00,2016-10-18 15:40:00)",171.3914094368174
C,3,"[2016-10-18 15:40:00,2016-10-18 16:00:00)",171.44036678056176
C,3,"[2016-10-18 16:00:00,2016-10-18 16:20:00)",169.20028748525334
C,3,"[2016-10-18 16:20:00,2016-10-18 16:40:00)",168.94587152248852
C,3,"[2016-10-18 16:40:00,2016-10-18 17:00:00)",168.6001528709483
C,3,"[2016-10-19 07:20:00,2016-10-19 07:40:00)",165.29020866046199
C,3,"[2016-10-19 15:00:00,2016-10-19 15:20:00)",171.0589159152195
C,3,"[2016-10-19 15:20:00,2016-10-19 15:40:00)",171.13023883004948
C,3,"[2016-10-19 15:40:00,2016-10-19 16:00:00)",171.18611190068987
C,3,"[2016-10-19 16:00:00,2016-10-19 16:20:00)",170.61555964077013
C,3,"[2016-10-19 16:20:00,2016-10-19 16:40:00)",168.62025053143321
C,3,"[2016-10-19 16:40:00,2016-10-19 17:00:00)",168.21758888941704
C,3,"[2016-10-20 07:00:00,2016-10-20 07:20:00)",165.49145711699322
C,3,"[2016-10-20 07:20:00,2016-10-20 07:40:00)",165.56243867034195
C,3,"[2016-10-20 07:40:00,2016-10-20 08:00:00)",168.5420190754801
C,3,"[2016-10-20 15:00:00,2016-10-20 15:20:00)",171.25975105869807
C,3,"[2016-10-20 15:20:00,2016-10-20 15:40:00)",171.2861750274491
C,3,"[2016-10-20 15:40:00,2016-10-20 16:00:00)",171.3354436322511
C,3,"[2016-10-20 16:00:00,2016-10-20 16:20:00)",171.23297323310825
C,3,"[2016-10-20 16:20:00,2016-10-20 16:40:00)",168.89317253046627
C,3,"[2016-10-20 16:40:00,2016-10-20 17:00:00)",168.45339052773812
C,3,"[2016-10-21 06:40:00,2016-10-21 07:00:00)",162.8829676494979
C,3,"[2016-10-21 07:00:00,2016-10-21 07:20:00)",165.18107874214957
C,3,"[2016-10-21 07:20:00,2016-10-21 07:40:00)",165.03289199077324
C,3,"[2016-10-21 15:00:00,2016-10-21 15:20:00)",171.49703622098855
C,3,"[2016-10-21 15:20:00,2016-10-21 15:40:00)",171.5224423114179
C,3,"[2016-10-21 15:40:00,2016-10-21 16:00:00)",171.55848385414876
C,3,"[2016-10-21 16:00:00,2016-10-21 16:20:00)",172.04064474129848
C,3,"[2016-10-21 16:20:00,2016-10-21 16:40:00)",170.19924866798206
C,3,"[2016-10-21 16:40:00,2016-10-21 17:00:00)",169.76285417915986
C,3,"[2016-10-22 06:40:00,2016-10-22 07:00:00)",164.15689083759628
C,3,"[2016-10-22 07:20:00,2016-10-22 07:40:00)",166.58196440409893
C,3,"[2016-10-22 15:20:00,2016-10-22 15:40:00)",170.35184232691688
C,3,"[2016-10-22 15:40:00,2016-10-22 16:00:00)",170.43122405865225
C,3,"[2016-10-22 16:00:00,2016-10-22 16:20:00)",171.57914258529306
C,3,"[2016-10-22 16:20:00,2016-10-22 16:40:00)",170.49788921767617
C,3,"[2016-10-22 16:40:00,2016-10-22 17:00:00)",170.18645555383915
C,3,"[2016-10-23 07:00:00,2016-10-23 07:20:00)",164.63610229974523
C,3,"[2016-10-23 07:20:00,2016-10-23 07:40:00)",164.7945339701348
C,3,"[2016-10-23 15:00:00,2016-10-23 15:20:00)",171.5997920021239
C,3,"[2016-10-23 15:20:00,2016-10-23 15:40:00)",171.70299985741707
C,3,"[2016-10-23 15:40:00,2016-10-23 16:00:00)",171.73719708042876
C,3,"[2016-10-23 16:00:00,2016-10-23 16:20:00)",170.17124326748296
C,3,"[2016-10-23 16:20:00,2016-10-23 16:40:00)",170.20152387854162
C,3,"[2016-10-23 16:40:00,2016-10-23 17:00:00)",169.87021110612164
C,3,"[2016-10-24 06:40:00,2016-10-24 07:00:00)",163.63355596894047
C,3,"[2016-10-24 07:00:00,2016-10-24 07:20:00)",165.19534090328648
C,3,"[2016-10-24 07:20:00,2016-10-24 07:40:00)",165.61324790141435
C,3,"[2016-10-24 15:00:00,2016-10-24 15:20:00)",171.19890549516512
C,3,"[2016-10-24 15:20:00,2016-10-24 15:40:00)",171.22458510813982
C,3,"[2016-10-24 15:40:00,2016-10-24 16:00:00)",171.2643758803803
C,3,"[2016-10-24 16:00:00,2016-10-24 16:20:00)",170.14446949950684
C,3,"[2016-10-24 16:40:00,2016-10-24 17:00:00)",168.05782299601418
