intersection_id,tollgate_id,time_window_start,time_window_end,avg_travel_time,travel_time,vehicles,extracost1,extracost2
A,2,2016-10-18 06:00:00,2016-10-18 06:20:00,41.097142857142856,18.777559935807876,7,1.7100000000000044,0.39000000000000057
A,2,2016-10-18 06:20:00,2016-10-18 06:40:00,43.681666666666665,11.690463492379877,6,0.30000000000000426,-0.06499999999999417
A,2,2016-10-18 06:40:00,2016-10-18 07:00:00,68.02428571428571,29.783543474623063,7,-0.6500000000000057,0.02000000000000313
A,2,2016-10-18 07:00:00,2016-10-18 07:20:00,52.60833333333334,18.077109743171526,6,-2.739999999999977,-0.5450000000000053
A,2,2016-10-18 07:20:00,2016-10-18 07:40:00,56.16555555555556,16.96084616927404,9,3.450000000000017,0.35999999999999943
A,2,2016-10-18 07:40:00,2016-10-18 08:00:00,63.598571428571425,13.235799218497563,7,0.649999999999956,0.2700000000000031
A,2,2016-10-18 15:00:00,2016-10-18 15:20:00,99.96066666666664,57.64935317028613,15,-0.32000000000000384,-0.05000000000000426
A,2,2016-10-18 15:20:00,2016-10-18 15:40:00,88.36055555555555,23.89375293010638,18,7.910000000000067,0.045000000000001705
A,2,2016-10-18 15:40:00,2016-10-18 16:00:00,74.886,34.52796972504079,10,2.6100000000000136,0.22999999999999332
A,2,2016-10-18 16:00:00,2016-10-18 16:20:00,63.30272727272727,30.920821493262135,11,0.9000000000000092,0.10000000000000142
A,2,2016-10-18 16:20:00,2016-10-18 16:40:00,71.362,30.980891171458865,10,1.6299999999999812,0.2749999999999986
A,2,2016-10-18 16:40:00,2016-10-18 17:00:00,99.2609090909091,77.83265053363473,11,2.150000000000041,0.18999999999999773
A,2,2016-10-19 06:00:00,2016-10-19 06:20:00,40.01,15.53385120739005,7,-1.3399999999999892,-0.03999999999999915
A,2,2016-10-19 06:20:00,2016-10-19 06:40:00,57.00727272727272,13.560498582949734,11,1.7500000000000355,0.25
A,2,2016-10-19 06:40:00,2016-10-19 07:00:00,37.412,5.853137620114532,5,-0.9299999999999962,-0.0400000000000027
A,2,2016-10-19 07:00:00,2016-10-19 07:20:00,69.584,22.13934421127381,20,-0.9200000000000195,-0.029999999999997588
A,2,2016-10-19 07:20:00,2016-10-19 07:40:00,100.114,88.63836347767257,5,-6.0699999999999825,0.020000000000010232
A,2,2016-10-19 07:40:00,2016-10-19 08:00:00,58.29214285714287,21.946593630402464,14,-1.9999999999999538,-0.03500000000000014
A,2,2016-10-19 15:00:00,2016-10-19 15:20:00,64.46285714285715,23.562377582974037,14,-1.5899999999999466,-0.009999999999990905
A,2,2016-10-19 15:20:00,2016-10-19 15:40:00,62.30777777777777,18.07871384928819,9,-0.8999999999999844,-0.10999999999999943
A,2,2016-10-19 15:40:00,2016-10-19 16:00:00,57.330000000000005,14.604865627591373,9,2.5,0.230000000000004
A,2,2016-10-19 16:00:00,2016-10-19 16:20:00,67.584,21.046974023729767,10,0.09999999999996584,0.029999999999997577
A,2,2016-10-19 16:20:00,2016-10-19 16:40:00,55.19,22.29778015857184,10,-0.28999999999999904,0.09000000000000698
A,2,2016-10-19 16:40:00,2016-10-19 17:00:00,72.47636363636364,57.079782808403756,11,-1.0199999999999996,-0.060000000000002274
A,2,2016-10-20 06:00:00,2016-10-20 06:20:00,63.58399999999999,60.19512054791299,10,3.1899999999999924,0.254999999999999
A,2,2016-10-20 06:20:00,2016-10-20 06:40:00,49.79333333333333,8.74525204515761,3,-0.24000000000000205,-0.2999999999999972
A,2,2016-10-20 06:40:00,2016-10-20 07:00:00,60.88499999999999,21.693027681722995,10,-0.22000000000001307,-0.06500000000000128
A,2,2016-10-20 07:00:00,2016-10-20 07:20:00,74.07375,43.86129401305894,8,1.4599999999999902,0.054999999999999716
A,2,2016-10-20 07:20:00,2016-10-20 07:40:00,62.98857142857143,8.206762310378418,7,-0.859999999999971,0.019999999999996017
A,2,2016-10-20 07:40:00,2016-10-20 08:00:00,75.79357142857144,24.151945806989055,14,2.620000000000047,0.30000000000000426
A,2,2016-10-20 15:00:00,2016-10-20 15:20:00,77.16181818181819,39.93594141075976,11,-6.02999999999998,-0.060000000000002274
A,2,2016-10-20 15:20:00,2016-10-20 15:40:00,63.97888888888888,16.8336927354372,9,-0.22999999999997556,-0.10999999999999943
A,2,2016-10-20 15:40:00,2016-10-20 16:00:00,63.675,29.40705706566296,20,-1.5299999999999585,-0.03500000000000014
A,2,2016-10-20 16:00:00,2016-10-20 16:20:00,61.178,36.32527243914046,10,7.349999999999952,-0.09500000000000597
A,2,2016-10-20 16:20:00,2016-10-20 16:40:00,65.19699999999999,26.857919192173718,10,-2.54999999999999,-0.46000000000000085
A,2,2016-10-20 16:40:00,2016-10-20 17:00:00,63.04615384615384,12.864437763631916,13,-4.270000000000017,0.14000000000000767
A,2,2016-10-21 06:00:00,2016-10-21 06:20:00,60.932857142857145,35.203277174284835,7,-1.420000000000032,-0.15000000000000568
A,2,2016-10-21 06:20:00,2016-10-21 06:40:00,40.730000000000004,4.794183976444798,2,1.0300000000000153,0.5150000000000077
A,2,2016-10-21 06:40:00,2016-10-21 07:00:00,48.952000000000005,13.280162984274286,10,-0.1599999999999966,-0.014999999999997002
A,2,2016-10-21 07:00:00,2016-10-21 07:20:00,49.873333333333335,12.36639586406107,6,-1.8399999999999892,-0.47499999999999787
A,2,2016-10-21 07:20:00,2016-10-21 07:40:00,55.85111111111111,22.844715715261398,9,-4.690000000000013,0.21000000000000085
A,2,2016-10-21 07:40:00,2016-10-21 08:00:00,75.13799999999999,18.017535070036633,5,-0.9800000000000253,-0.25
A,2,2016-10-21 15:00:00,2016-10-21 15:20:00,53.91428571428571,20.264981813761587,14,-0.1399999999999772,0.02000000000000313
A,2,2016-10-21 15:20:00,2016-10-21 15:40:00,92.33416666666666,42.2237060641043,12,-1.0500000000000256,-0.07499999999999574
A,2,2016-10-21 15:40:00,2016-10-21 16:00:00,74.0746153846154,40.18733644142655,13,-0.06999999999998607,-0.11999999999999746
A,2,2016-10-21 16:00:00,2016-10-21 16:20:00,76.28600000000002,22.395307643442727,10,24.380000000000024,-0.17500000000000426
A,2,2016-10-21 16:20:00,2016-10-21 16:40:00,106.663125,51.36546813034998,16,-0.9000000000000767,-0.11499999999999844
A,2,2016-10-21 16:40:00,2016-10-21 17:00:00,80.66642857142858,43.2738836868227,14,40.04000000000005,0.09000000000000696
A,2,2016-10-22 06:00:00,2016-10-22 06:20:00,33.676249999999996,16.481447524413625,8,2.109999999999985,0.3649999999999949
A,2,2016-10-22 06:20:00,2016-10-22 06:40:00,81.56666666666666,21.973666815835116,3,0.5200000000000102,0.20000000000000284
A,2,2016-10-22 06:40:00,2016-10-22 07:00:00,52.29,20.61175089603016,9,0.08000000000001614,-0.009999999999998009
A,2,2016-10-22 07:00:00,2016-10-22 07:20:00,51.071999999999996,24.287424112079073,5,0.7999999999999954,0.1700000000000017
A,2,2016-10-22 07:20:00,2016-10-22 07:40:00,58.39,23.286481056613084,4,-31.920000000000012,-0.4049999999999976
A,2,2016-10-22 07:40:00,2016-10-22 08:00:00,90.93799999999999,68.18121047783049,10,0.569999999999979,0.12999999999999545
A,2,2016-10-22 15:00:00,2016-10-22 15:20:00,63.86900000000001,18.700055525764267,10,0.27000000000005286,0.18000000000000327
A,2,2016-10-22 15:20:00,2016-10-22 15:40:00,68.15499999999999,26.448641305803914,14,0.9300000000000495,0.0750000000000064
A,2,2016-10-22 15:40:00,2016-10-22 16:00:00,58.79571428571428,13.766091017596892,7,-4.969999999999985,0.3299999999999983
A,2,2016-10-22 16:00:00,2016-10-22 16:20:00,68.97857142857143,38.22399827276111,14,0.8199999999999967,-0.03499999999999659
A,2,2016-10-22 16:20:00,2016-10-22 16:40:00,82.06727272727272,24.504306597375532,11,-0.5300000000000011,-0.11999999999999035
A,2,2016-10-22 16:40:00,2016-10-22 17:00:00,65.98692307692308,15.76560622822953,13,3.470000000000013,0.14999999999999147
A,2,2016-10-23 06:20:00,2016-10-23 06:40:00,68.98,18.215298515259093,3,-0.5599999999999881,-0.3499999999999943
A,2,2016-10-23 06:40:00,2016-10-23 07:00:00,77.06571428571428,25.75395623792123,7,0.02999999999996561,-0.230000000000004
A,2,2016-10-23 07:00:00,2016-10-23 07:20:00,43.379999999999995,11.059525306268801,3,-0.6000000000000014,-0.1600000000000037
A,2,2016-10-23 07:20:00,2016-10-23 07:40:00,49.53666666666666,13.433301406082823,6,-0.19000000000000483,0.05000000000000071
A,2,2016-10-23 07:40:00,2016-10-23 08:00:00,66.13,22.715959147700538,7,-0.5500000000000184,-0.4300000000000068
A,2,2016-10-23 15:00:00,2016-10-23 15:20:00,94.76636363636364,45.82879122838116,11,1.900000000000059,0.020000000000010232
A,2,2016-10-23 15:20:00,2016-10-23 15:40:00,79.38857142857141,24.71553913482922,14,0.8899999999999794,0.10000000000000142
A,2,2016-10-23 15:40:00,2016-10-23 16:00:00,92.505,42.606256796177455,12,-3.310000000000046,0.23499999999999233
A,2,2016-10-23 16:00:00,2016-10-23 16:20:00,71.31076923076922,29.46288921721088,13,-0.040000000000020464,0.10999999999999233
A,2,2016-10-23 16:20:00,2016-10-23 16:40:00,75.19333333333334,33.062206664465236,15,-2.109999999999993,0.30000000000000426
A,2,2016-10-23 16:40:00,2016-10-23 17:00:00,71.56642857142857,24.94340628368481,14,2.2600000000000477,0.22999999999999687
A,2,2016-10-24 06:00:00,2016-10-24 06:20:00,41.18833333333334,16.817364141466005,6,-0.6100000000000119,-0.11000000000000297
A,2,2016-10-24 06:20:00,2016-10-24 06:40:00,50.11571428571428,20.32723858696573,7,0.4299999999999997,-0.10999999999999943
A,2,2016-10-24 06:40:00,2016-10-24 07:00:00,37.168000000000006,11.419919877126986,5,-0.17999999999999622,-0.030000000000001137
A,2,2016-10-24 07:00:00,2016-10-24 07:20:00,75.68375,24.07184243497547,8,0.9499999999999957,0.09000000000000341
A,2,2016-10-24 07:20:00,2016-10-24 07:40:00,54.03285714285715,14.780493580262823,7,0.5000000000000142,0.05000000000000426
A,2,2016-10-24 07:40:00,2016-10-24 08:00:00,78.27799999999999,24.83299140704201,10,1.3800000000000308,0.13000000000000966
A,2,2016-10-24 15:00:00,2016-10-24 15:20:00,95.17222222222222,135.0128305734105,9,0.8399999999999643,0.11999999999999035
A,2,2016-10-24 15:20:00,2016-10-24 15:40:00,51.873636363636365,17.898273812145835,11,-0.6600000000000037,-0.059999999999995175
A,2,2016-10-24 15:40:00,2016-10-24 16:00:00,44.68833333333333,12.885281126035617,12,-11.859999999999982,-0.1750000000000007
A,2,2016-10-24 16:00:00,2016-10-24 16:20:00,87.30466666666668,44.56701965526056,15,0.7099999999999511,0.0
A,2,2016-10-24 16:20:00,2016-10-24 16:40:00,67.71499999999999,24.79651648921679,6,-0.5599999999999881,-0.15499999999999406
A,2,2016-10-24 16:40:00,2016-10-24 17:00:00,58.797777777777775,16.926744206859286,9,2.639999999999958,0.3500000000000014
A,3,2016-10-18 06:00:00,2016-10-18 06:20:00,69.48,39.875421000912326,3,-0.47000000000000597,-0.3400000000000034
A,3,2016-10-18 06:20:00,2016-10-18 06:40:00,142.01,58.11003527791047,2,0.09000000000000341,0.045000000000001705
A,3,2016-10-18 06:40:00,2016-10-18 07:00:00,233.68000000000004,157.64016823132357,6,-0.8599999999999142,-0.2699999999999747
A,3,2016-10-18 07:00:00,2016-10-18 07:20:00,143.64749999999998,37.65091532751893,4,0.21000000000002217,0.020000000000010232
A,3,2016-10-18 07:20:00,2016-10-18 07:40:00,151.50875,58.23702294135088,8,-2.289999999999985,-0.269999999999996
A,3,2016-10-18 07:40:00,2016-10-18 08:00:00,207.71,19.677454103618174,8,-1.2300000000000182,-0.09999999999999433
A,3,2016-10-18 15:00:00,2016-10-18 15:20:00,133.05,24.370545453770333,8,-2.200000000000017,-0.25499999999999545
A,3,2016-10-18 15:20:00,2016-10-18 15:40:00,121.56875,25.21839092946711,8,-1.4599999999999653,-0.20500000000000543
A,3,2016-10-18 15:40:00,2016-10-18 16:00:00,147.37166666666667,46.476040027810754,6,0.4600000000000648,0.09000000000000341
A,3,2016-10-18 16:00:00,2016-10-18 16:20:00,117.06625000000001,36.59945625571896,8,-0.6300000000000097,-0.14500000000000313
A,3,2016-10-18 16:20:00,2016-10-18 16:40:00,134.27125,35.670639562330734,8,-0.5400000000000205,-0.03499999999999659
A,3,2016-10-18 16:40:00,2016-10-18 17:00:00,139.1025,49.99477864404109,4,0.020000000000010176,-0.004999999999988347
A,3,2016-10-19 06:00:00,2016-10-19 06:20:00,89.51,34.09668898881532,2,-0.28000000000000114,-0.14000000000000057
A,3,2016-10-19 06:20:00,2016-10-19 06:40:00,161.635,40.47769468073333,4,0.5799999999999415,0.14499999999998892
A,3,2016-10-19 06:40:00,2016-10-19 07:00:00,133.4325,53.64432953879345,4,-0.4000000000000199,0.004999999999988347
A,3,2016-10-19 07:00:00,2016-10-19 07:20:00,139.885,34.5637716402594,6,0.7399999999999949,0.025000000000005684
A,3,2016-10-19 07:20:00,2016-10-19 07:40:00,171.76833333333332,24.109744433872923,6,-60.63999999999996,-0.4999999999999858
A,3,2016-10-19 07:40:00,2016-10-19 08:00:00,216.14916666666667,55.89883727174773,12,1.6800000000000068,0.17000000000001592
A,3,2016-10-19 15:00:00,2016-10-19 15:20:00,110.05285714285715,40.25262339868285,7,-1.2800000000000153,-0.020000000000010232
A,3,2016-10-19 15:20:00,2016-10-19 15:40:00,115.01400000000001,40.5873749390675,10,1.0599999999999952,0.06000000000000229
A,3,2016-10-19 15:40:00,2016-10-19 16:00:00,132.09909090909093,57.43878923768248,11,-2.3300000000000125,-0.09000000000000341
A,3,2016-10-19 16:00:00,2016-10-19 16:20:00,93.66571428571429,23.40137022850219,7,-1.9499999999999886,-0.2600000000000051
A,3,2016-10-19 16:20:00,2016-10-19 16:40:00,122.8216666666667,41.71930789832391,12,-0.48999999999995936,-0.06000000000000228
A,3,2016-10-19 16:40:00,2016-10-19 17:00:00,110.41000000000001,27.527431513206707,8,-1.4999999999999858,-0.06999999999999318
A,3,2016-10-20 06:00:00,2016-10-20 06:20:00,113.05,35.403931985021096,3,-0.23999999999999488,-0.12000000000000455
A,3,2016-10-20 06:20:00,2016-10-20 06:40:00,101.67,16.929974896614585,5,-8.389999999999986,-0.019999999999996017
A,3,2016-10-20 06:40:00,2016-10-20 07:00:00,201.20142857142855,51.038197273731974,7,-1.0400000000000205,0.040000000000020464
A,3,2016-10-20 07:00:00,2016-10-20 07:20:00,160.83599999999998,29.783324696883657,5,0.0800000000000125,-0.05000000000001137
A,3,2016-10-20 07:20:00,2016-10-20 07:40:00,143.93428571428566,45.46026933391495,14,113.82000000000006,-0.09500000000001307
A,3,2016-10-20 07:40:00,2016-10-20 08:00:00,203.08666666666667,20.182807865441642,3,-0.6900000000000261,-0.2300000000000182
A,3,2016-10-20 15:00:00,2016-10-20 15:20:00,149.28375,39.189428945462176,8,77.73000000000006,0.0800000000000125
A,3,2016-10-20 15:20:00,2016-10-20 15:40:00,100.18,30.855929738058453,6,0.10000000000000153,-0.014999999999997016
A,3,2016-10-20 15:40:00,2016-10-20 16:00:00,116.21857142857142,10.985248333669155,7,-0.23999999999998062,-0.13999999999998636
A,3,2016-10-20 16:00:00,2016-10-20 16:20:00,106.82363636363635,41.7963094717051,11,2.350000000000044,0.25
A,3,2016-10-20 16:20:00,2016-10-20 16:40:00,122.43800000000002,22.928619016417013,5,0.9299999999999784,0.1599999999999966
A,3,2016-10-20 16:40:00,2016-10-20 17:00:00,149.229,36.78470045790475,10,-0.660000000000025,-0.02500000000000567
A,3,2016-10-21 06:00:00,2016-10-21 06:20:00,112.16,0.0,1,-0.230000000000004,-0.230000000000004
A,3,2016-10-21 06:20:00,2016-10-21 06:40:00,112.596,21.81720949159173,5,0.38999999999997215,0.13999999999998636
A,3,2016-10-21 06:40:00,2016-10-21 07:00:00,141.5575,46.76801569092564,4,-1.4899999999999665,-0.3299999999999912
A,3,2016-10-21 07:00:00,2016-10-21 07:20:00,118.98249999999999,31.143831652511864,8,-0.7400000000000375,-0.12000000000000455
A,3,2016-10-21 07:20:00,2016-10-21 07:40:00,191.19285714285712,57.15491629897517,7,-0.30999999999994543,-0.04999999999998295
A,3,2016-10-21 07:40:00,2016-10-21 08:00:00,161.27222222222224,28.790260409458682,9,0.6400000000000432,0.05000000000001137
A,3,2016-10-21 15:00:00,2016-10-21 15:20:00,130.08333333333334,26.301310141350665,12,-0.5799999999999841,-0.0449999999999875
A,3,2016-10-21 15:20:00,2016-10-21 15:40:00,120.02307692307694,27.75895602762449,13,2.360000000000028,0.22999999999998974
A,3,2016-10-21 15:40:00,2016-10-21 16:00:00,146.70571428571427,42.53019823495726,7,46.570000000000036,0.2599999999999909
A,3,2016-10-21 16:00:00,2016-10-21 16:20:00,107.7023076923077,13.441599702568977,13,72.59000000000003,0.019999999999996017
A,3,2016-10-21 16:20:00,2016-10-21 16:40:00,126.49833333333333,30.82104824874578,12,1.9699999999999989,0.14499999999999602
A,3,2016-10-21 16:40:00,2016-10-21 17:00:00,111.393,32.374312879881245,10,0.3100000000000023,0.125
A,3,2016-10-22 06:00:00,2016-10-22 06:20:00,101.3,0.0,1,0.21999999999999886,0.21999999999999886
A,3,2016-10-22 06:20:00,2016-10-22 06:40:00,93.80875,17.253824783011364,8,-6.359999999999999,-0.2950000000000017
A,3,2016-10-22 06:40:00,2016-10-22 07:00:00,118.12249999999999,44.54799237900624,4,-0.6400000000000574,-0.16500000000002046
A,3,2016-10-22 07:00:00,2016-10-22 07:20:00,112.56166666666668,32.98269207731028,6,-0.07999999999995566,-0.2049999999999912
A,3,2016-10-22 07:20:00,2016-10-22 07:40:00,143.10000000000002,34.65982256157697,9,-0.5800000000000125,0.05000000000001137
A,3,2016-10-22 07:40:00,2016-10-22 08:00:00,147.53333333333333,24.571633780981415,6,1.370000000000033,0.3049999999999926
A,3,2016-10-22 15:00:00,2016-10-22 15:20:00,138.24777777777774,35.94758433392213,9,-3.19000000000014,-0.4699999999999989
A,3,2016-10-22 15:20:00,2016-10-22 15:40:00,106.3125,19.597737794619732,16,-1.9699999999999278,-0.2149999999999892
A,3,2016-10-22 15:40:00,2016-10-22 16:00:00,104.525,44.8267549696731,10,-1.92999999999995,-0.214999999999975
A,3,2016-10-22 16:00:00,2016-10-22 16:20:00,127.06000000000002,35.895156126326206,7,0.9100000000000534,0.269999999999996
A,3,2016-10-22 16:20:00,2016-10-22 16:40:00,123.79222222222221,31.521560786935098,9,-0.1500000000000199,-0.060000000000002274
A,3,2016-10-22 16:40:00,2016-10-22 17:00:00,93.03142857142858,35.254795621102595,7,-3.1199999999999832,0.5300000000000153
A,3,2016-10-23 06:00:00,2016-10-23 06:20:00,92.97333333333334,12.130730948023423,3,-1.220000000000013,-0.4200000000000017
A,3,2016-10-23 06:20:00,2016-10-23 06:40:00,81.57666666666667,20.953076941903625,3,-0.5799999999999983,-0.1700000000000017
A,3,2016-10-23 06:40:00,2016-10-23 07:00:00,116.60749999999999,22.34438687903519,4,0.3200000000000074,0.005000000000002558
A,3,2016-10-23 07:00:00,2016-10-23 07:20:00,85.37333333333333,15.719962892237795,3,-0.3300000000000267,-0.12000000000001874
A,3,2016-10-23 07:20:00,2016-10-23 07:40:00,81.7,15.477547178628358,4,0.28999999999999204,0.08499999999999375
A,3,2016-10-23 07:40:00,2016-10-23 08:00:00,134.60333333333332,35.903685511843115,3,-1.3400000000000318,-0.28999999999999204
A,3,2016-10-23 15:00:00,2016-10-23 15:20:00,130.80866666666668,30.668627960056853,15,-0.1699999999999449,-0.10999999999998522
A,3,2016-10-23 15:20:00,2016-10-23 15:40:00,184.16555555555556,51.76869375189776,9,1.6000000000000227,0.30000000000001137
A,3,2016-10-23 15:40:00,2016-10-23 16:00:00,210.55058823529413,63.312319147874796,17,47.89999999999999,-0.05000000000001137
A,3,2016-10-23 16:00:00,2016-10-23 16:20:00,136.32999999999998,40.62572912166213,7,1.630000000000038,0.21999999999999886
A,3,2016-10-23 16:20:00,2016-10-23 16:40:00,94.68666666666667,22.925521731613145,6,-0.6200000000000186,0.010000000000005116
A,3,2016-10-23 16:40:00,2016-10-23 17:00:00,104.04083333333334,22.092489245456385,12,-1.6700000000000017,-0.060000000000002274
A,3,2016-10-24 06:00:00,2016-10-24 06:20:00,106.01199999999999,25.278368618247498,5,-1.6700000000000301,-0.5600000000000023
A,3,2016-10-24 06:20:00,2016-10-24 06:40:00,210.16000000000003,66.83573295775248,2,0.290000000000049,0.1450000000000245
A,3,2016-10-24 06:40:00,2016-10-24 07:00:00,140.73499999999999,13.703241708929067,4,1.8999999999999915,0.5949999999999918
A,3,2016-10-24 07:00:00,2016-10-24 07:20:00,172.7942857142857,24.38199941018159,7,-0.7300000000000466,-0.05000000000001137
A,3,2016-10-24 07:20:00,2016-10-24 07:40:00,183.16125,37.75978262554714,8,-0.3800000000000523,-0.13500000000000512
A,3,2016-10-24 07:40:00,2016-10-24 08:00:00,213.53222222222223,85.39210191489869,9,7.529999999999918,0.05999999999997385
A,3,2016-10-24 15:00:00,2016-10-24 15:20:00,98.46000000000001,25.282014687652303,10,-0.21999999999998465,-0.030000000000001137
A,3,2016-10-24 15:20:00,2016-10-24 15:40:00,106.87083333333334,24.211901077525468,12,-1.4599999999999227,-0.059999999999995175
A,3,2016-10-24 15:40:00,2016-10-24 16:00:00,94.06800000000001,9.881948525805356,10,-0.2300000000000182,0.0449999999999946
A,3,2016-10-24 16:00:00,2016-10-24 16:20:00,111.7425,13.913124199833765,4,-0.6400000000000148,-0.1950000000000074
A,3,2016-10-24 16:20:00,2016-10-24 16:40:00,107.98,26.198448427340104,3,-0.7699999999999818,-0.1799999999999784
A,3,2016-10-24 16:40:00,2016-10-24 17:00:00,147.76,42.75281324076815,6,0.7599999999999625,0.04500000000000171
B,1,2016-10-18 06:00:00,2016-10-18 06:20:00,57.82,0.0,1,0.3500000000000014,0.3500000000000014
B,1,2016-10-18 06:20:00,2016-10-18 06:40:00,48.68,0.0,1,0.10999999999999943,0.10999999999999943
B,1,2016-10-18 06:40:00,2016-10-18 07:00:00,112.524,30.482953925103793,5,4.389999999999986,0.8200000000000216
B,1,2016-10-18 07:00:00,2016-10-18 07:20:00,97.32000000000001,27.96153608083791,3,2.4599999999999937,0.5799999999999983
B,1,2016-10-18 07:40:00,2016-10-18 08:00:00,129.4375,17.685827423863064,4,2.660000000000039,0.5950000000000202
B,1,2016-10-18 15:00:00,2016-10-18 15:20:00,142.75333333333333,40.34253503850909,3,3.3400000000000176,0.9799999999999898
B,1,2016-10-18 15:20:00,2016-10-18 15:40:00,108.185,62.45874198220774,2,0.5700000000000358,0.2850000000000179
B,1,2016-10-18 15:40:00,2016-10-18 16:00:00,90.01,4.949747468305833,2,1.6099999999999994,0.8049999999999997
B,1,2016-10-18 16:00:00,2016-10-18 16:20:00,101.61666666666667,33.478120218036935,3,2.019999999999996,0.6299999999999955
B,1,2016-10-18 16:20:00,2016-10-18 16:40:00,150.39,0.0,1,1.6299999999999957,1.6299999999999957
B,1,2016-10-19 06:00:00,2016-10-19 06:20:00,111.03500000000003,46.42156018489684,2,1.2100000000000222,0.6050000000000111
B,1,2016-10-19 06:40:00,2016-10-19 07:00:00,85.22999999999999,23.037538931057718,2,1.5,0.75
B,1,2016-10-19 07:00:00,2016-10-19 07:20:00,209.86333333333334,133.92718556489316,3,3.7400000000000375,1.4599999999999795
B,1,2016-10-19 07:20:00,2016-10-19 07:40:00,120.875,22.125371183327076,2,1.150000000000034,0.575000000000017
B,1,2016-10-19 07:40:00,2016-10-19 08:00:00,92.82,11.625484936122021,3,-3.650000000000019,0.3499999999999943
B,1,2016-10-19 15:00:00,2016-10-19 15:20:00,183.48,0.0,1,0.7100000000000078,0.7100000000000078
B,1,2016-10-19 15:20:00,2016-10-19 15:40:00,149.28250000000003,4.2248895449072705,4,80.25000000000006,0.30500000000002103
B,1,2016-10-19 15:40:00,2016-10-19 16:00:00,117.02,0.0,1,0.7999999999999972,0.7999999999999972
B,1,2016-10-19 16:00:00,2016-10-19 16:20:00,153.49,0.0,1,1.5900000000000034,1.5900000000000034
B,1,2016-10-19 16:20:00,2016-10-19 16:40:00,131.376,38.74914876484385,5,3.609999999999985,0.8399999999999892
B,1,2016-10-19 16:40:00,2016-10-19 17:00:00,119.32,0.0,1,1.1099999999999852,1.1099999999999852
B,1,2016-10-20 06:00:00,2016-10-20 06:20:00,70.72,0.0,1,0.37999999999999545,0.37999999999999545
B,1,2016-10-20 06:40:00,2016-10-20 07:00:00,121.41600000000001,74.57157253270177,5,4.299999999999997,0.9300000000000068
B,1,2016-10-20 07:00:00,2016-10-20 07:20:00,106.16,32.07768305224054,5,3.380000000000024,0.8800000000000239
B,1,2016-10-20 07:20:00,2016-10-20 07:40:00,111.77,8.838834764831844,2,0.769999999999996,0.384999999999998
B,1,2016-10-20 07:40:00,2016-10-20 08:00:00,122.10000000000001,32.270863019138496,4,2.089999999999975,0.5899999999999892
B,1,2016-10-20 15:00:00,2016-10-20 15:20:00,110.7175,16.699164400252688,4,44.30000000000002,1.1400000000000006
B,1,2016-10-20 15:20:00,2016-10-20 15:40:00,102.35666666666667,16.923667845160907,3,1.7199999999999847,0.7999999999999972
B,1,2016-10-20 15:40:00,2016-10-20 16:00:00,112.228,37.31087401817331,5,1.100000000000037,0.4000000000000341
B,1,2016-10-20 16:20:00,2016-10-20 16:40:00,134.31,0.0,1,63.76000000000001,63.76000000000001
B,1,2016-10-20 16:40:00,2016-10-20 17:00:00,143.89,0.0,1,0.7299999999999898,0.7299999999999898
B,1,2016-10-21 06:20:00,2016-10-21 06:40:00,122.73,0.0,1,0.15000000000000568,0.15000000000000568
B,1,2016-10-21 06:40:00,2016-10-21 07:00:00,143.16666666666666,78.51296028894423,3,1.6599999999999824,0.549999999999983
B,1,2016-10-21 07:00:00,2016-10-21 07:20:00,117.39000000000001,38.36761394718207,2,1.1100000000000136,0.5550000000000068
B,1,2016-10-21 07:20:00,2016-10-21 07:40:00,83.1,0.0,1,0.21999999999999886,0.21999999999999886
B,1,2016-10-21 07:40:00,2016-10-21 08:00:00,105.075,12.664282451051063,2,2.219999999999999,1.1099999999999994
B,1,2016-10-21 15:00:00,2016-10-21 15:20:00,145.0075,12.520844952850956,4,3.4599999999999795,0.7350000000000136
B,1,2016-10-21 15:20:00,2016-10-21 15:40:00,161.99666666666667,52.25102518930451,3,85.78000000000003,1.3100000000000025
B,1,2016-10-21 15:40:00,2016-10-21 16:00:00,121.73250000000002,27.0033150742645,4,2.220000000000013,0.5850000000000009
B,1,2016-10-21 16:00:00,2016-10-21 16:20:00,124.74499999999999,36.70109762209662,4,1.4700000000000415,0.4800000000000182
B,1,2016-10-21 16:20:00,2016-10-21 16:40:00,149.404,45.846647969071846,5,2.609999999999985,0.3499999999999943
B,1,2016-10-21 16:40:00,2016-10-21 17:00:00,156.08333333333334,59.57355576651999,6,71.81000000000004,1.0549999999999997
B,1,2016-10-22 06:00:00,2016-10-22 06:20:00,114.76,0.0,1,0.9799999999999898,0.9799999999999898
B,1,2016-10-22 06:20:00,2016-10-22 06:40:00,115.05,0.0,1,0.6499999999999915,0.6499999999999915
B,1,2016-10-22 06:40:00,2016-10-22 07:00:00,138.54500000000002,25.972032072981882,2,2.1100000000000136,1.0550000000000068
B,1,2016-10-22 07:00:00,2016-10-22 07:20:00,125.38,0.0,1,1.559999999999988,1.559999999999988
B,1,2016-10-22 07:20:00,2016-10-22 07:40:00,146.05,0.0,1,1.6299999999999957,1.6299999999999957
B,1,2016-10-22 07:40:00,2016-10-22 08:00:00,119.76,0.0,1,0.4500000000000029,0.4500000000000029
B,1,2016-10-22 15:00:00,2016-10-22 15:20:00,137.71,11.348427203802295,3,2.829999999999984,0.9000000000000057
B,1,2016-10-22 15:20:00,2016-10-22 15:40:00,143.04333333333332,26.571897435699512,3,89.36000000000007,0.9200000000000444
B,1,2016-10-22 15:40:00,2016-10-22 16:00:00,156.38,65.88237776522641,3,156.47,1.1299999999999957
B,1,2016-10-22 16:00:00,2016-10-22 16:20:00,123.61333333333334,21.05300295286479,3,0.8200000000000358,0.22000000000001307
B,1,2016-10-22 16:20:00,2016-10-22 16:40:00,116.60666666666668,37.92549318510354,3,51.94000000000003,0.9000000000000057
B,1,2016-10-22 16:40:00,2016-10-22 17:00:00,149.066,90.09125529150984,5,78.87,0.8599999999999994
B,1,2016-10-23 06:00:00,2016-10-23 06:20:00,84.28666666666668,13.06684481171079,3,0.35999999999999943,0.3100000000000023
B,1,2016-10-23 06:20:00,2016-10-23 06:40:00,152.89,0.0,1,0.6599999999999682,0.6599999999999682
B,1,2016-10-23 06:40:00,2016-10-23 07:00:00,167.5,125.29932162625623,2,1.4000000000000483,0.7000000000000242
B,1,2016-10-23 07:00:00,2016-10-23 07:20:00,106.93,0.0,1,0.12000000000000455,0.12000000000000455
B,1,2016-10-23 07:40:00,2016-10-23 08:00:00,117.675,4.801255044256652,2,0.30999999999997385,0.15499999999998693
B,1,2016-10-23 15:00:00,2016-10-23 15:20:00,148.9525,28.45533034424307,4,57.48999999999997,0.8099999999999952
B,1,2016-10-23 15:20:00,2016-10-23 15:40:00,116.15666666666665,14.801775118770944,6,4.090000000000046,0.5650000000000048
B,1,2016-10-23 15:40:00,2016-10-23 16:00:00,118.39874999999999,42.13337680594125,8,3.8799999999999812,0.4899999999999878
B,1,2016-10-23 16:00:00,2016-10-23 16:20:00,112.85166666666665,24.387196162467436,6,3.3199999999999648,0.394999999999996
B,1,2016-10-23 16:20:00,2016-10-23 16:40:00,143.965,41.44352844534356,2,1.4899999999999807,0.7449999999999903
B,1,2016-10-23 16:40:00,2016-10-23 17:00:00,227.34666666666666,30.235848480459975,3,2.840000000000032,1.1800000000000068
B,1,2016-10-24 06:00:00,2016-10-24 06:20:00,88.82,29.31514739288662,4,0.19000000000001194,0.19999999999999574
B,1,2016-10-24 06:40:00,2016-10-24 07:00:00,144.23999999999998,67.3667744515054,5,3.6700000000000585,0.769999999999996
B,1,2016-10-24 07:00:00,2016-10-24 07:20:00,103.84,0.0,1,0.4899999999999949,0.4899999999999949
B,1,2016-10-24 07:40:00,2016-10-24 08:00:00,106.595,1.4778531726798867,2,0.7200000000000131,0.36000000000000654
B,1,2016-10-24 15:00:00,2016-10-24 15:20:00,123.78375,18.917635715686792,8,3.8500000000000654,0.5150000000000006
B,1,2016-10-24 15:20:00,2016-10-24 15:40:00,104.52799999999999,36.485150678049834,5,2.9300000000000352,0.519999999999996
B,1,2016-10-24 15:40:00,2016-10-24 16:00:00,102.05333333333333,7.3412010824750835,3,2.030000000000001,0.519999999999996
B,1,2016-10-24 16:00:00,2016-10-24 16:20:00,140.98,0.0,1,0.8499999999999943,0.8499999999999943
B,1,2016-10-24 16:20:00,2016-10-24 16:40:00,111.556,36.96298865081124,5,3.3900000000000006,0.5600000000000023
B,1,2016-10-24 16:40:00,2016-10-24 17:00:00,121.08,22.641616550061087,3,3.059999999999988,1.0200000000000102
B,3,2016-10-18 06:00:00,2016-10-18 06:20:00,54.75,0.0,1,1.509999999999998,1.509999999999998
B,3,2016-10-18 06:20:00,2016-10-18 06:40:00,121.02000000000002,31.265589711374407,3,14.780000000000058,2.9100000000000112
B,3,2016-10-18 06:40:00,2016-10-18 07:00:00,94.04,0.0,1,0.019999999999996017,0.019999999999996017
B,3,2016-10-18 07:00:00,2016-10-18 07:20:00,120.6,0.0,1,0.8799999999999955,0.8799999999999955
B,3,2016-10-18 07:20:00,2016-10-18 07:40:00,73.4,30.301695222104875,7,15.429999999999993,2.1200000000000045
B,3,2016-10-18 07:40:00,2016-10-18 08:00:00,89.905,40.48207363407025,8,13.699999999999967,1.6900000000000013
B,3,2016-10-18 15:00:00,2016-10-18 15:20:00,135.06125,29.845842705236425,8,24.099999999999994,2.5
B,3,2016-10-18 15:20:00,2016-10-18 15:40:00,61.21666666666667,49.935478703356125,3,1.3099999999999987,0.5100000000000016
B,3,2016-10-18 15:40:00,2016-10-18 16:00:00,132.865,24.922603529059067,4,5.760000000000063,1.6600000000000037
B,3,2016-10-18 16:00:00,2016-10-18 16:20:00,111.9,28.198511781061537,4,12.73999999999998,3.0249999999999915
B,3,2016-10-18 16:20:00,2016-10-18 16:40:00,84.36818181818182,30.08210225970978,11,11.650000000000006,1.0400000000000065
B,3,2016-10-18 16:40:00,2016-10-18 17:00:00,85.17166666666667,26.974024109625667,6,13.040000000000006,2.079999999999991
B,3,2016-10-19 06:00:00,2016-10-19 06:20:00,102.83,0.0,1,2.6599999999999966,2.6599999999999966
B,3,2016-10-19 06:20:00,2016-10-19 06:40:00,106.33500000000001,2.36880771697494,2,3.9099999999999966,1.9549999999999983
B,3,2016-10-19 07:00:00,2016-10-19 07:20:00,141.425,66.98422538180164,2,2.8499999999999943,1.4249999999999972
B,3,2016-10-19 07:20:00,2016-10-19 07:40:00,73.72,38.48003378376896,10,-157.1399999999999,1.3399999999999963
B,3,2016-10-19 07:40:00,2016-10-19 08:00:00,80.2725,25.36405905344542,4,9.379999999999988,1.9349999999999987
B,3,2016-10-19 15:00:00,2016-10-19 15:20:00,82.135,32.82103238270647,4,9.33999999999999,2.849999999999998
B,3,2016-10-19 15:20:00,2016-10-19 15:40:00,128.95333333333335,42.67058127875301,6,19.910000000000096,1.6450000000000031
B,3,2016-10-19 15:40:00,2016-10-19 16:00:00,84.24,31.12246883951635,4,12.329999999999984,1.875
B,3,2016-10-19 16:00:00,2016-10-19 16:20:00,115.721,22.370434084101078,10,21.030000000000058,1.8300000000000054
B,3,2016-10-19 16:20:00,2016-10-19 16:40:00,141.255,8.732768747653878,2,5.159999999999997,2.5799999999999983
B,3,2016-10-19 16:40:00,2016-10-19 17:00:00,102.5311111111111,25.891743106849933,9,32.17999999999995,2.8699999999999903
B,3,2016-10-20 06:00:00,2016-10-20 06:20:00,126.27,0.0,1,2.230000000000004,2.230000000000004
B,3,2016-10-20 06:20:00,2016-10-20 06:40:00,84.63,0.0,1,2.579999999999984,2.579999999999984
B,3,2016-10-20 06:40:00,2016-10-20 07:00:00,110.78999999999999,18.073649327128145,2,12.699999999999987,6.349999999999993
B,3,2016-10-20 07:20:00,2016-10-20 07:40:00,66.865,40.442924803563194,4,2.8899999999999935,0.44999999999999923
B,3,2016-10-20 07:40:00,2016-10-20 08:00:00,107.8075,26.298148699100473,4,9.779999999999959,1.6999999999999886
B,3,2016-10-20 15:00:00,2016-10-20 15:20:00,122.19,0.0,1,0.75,0.75
B,3,2016-10-20 15:20:00,2016-10-20 15:40:00,77.15875000000001,16.734920237549474,8,9.440000000000012,0.9500000000000028
B,3,2016-10-20 15:40:00,2016-10-20 16:00:00,78.72999999999999,31.413833470834685,4,5.269999999999996,1.3449999999999989
B,3,2016-10-20 16:00:00,2016-10-20 16:20:00,107.684,8.96642793982085,5,15.480000000000004,2.0600000000000165
B,3,2016-10-20 16:20:00,2016-10-20 16:40:00,102.18428571428572,37.07634954034843,7,12.049999999999997,1.4099999999999966
B,3,2016-10-20 16:40:00,2016-10-20 17:00:00,146.3242857142857,82.42730693508935,7,25.58999999999999,1.9899999999999949
B,3,2016-10-21 06:20:00,2016-10-21 06:40:00,48.07,0.0,1,1.3999999999999986,1.3999999999999986
B,3,2016-10-21 06:40:00,2016-10-21 07:00:00,59.515,14.304770183403855,2,1.2299999999999898,0.6149999999999949
B,3,2016-10-21 07:00:00,2016-10-21 07:20:00,103.70666666666666,44.55435818562908,3,3.319999999999979,0.9899999999999948
B,3,2016-10-21 07:20:00,2016-10-21 07:40:00,68.246,28.747115159612097,5,4.509999999999941,0.8899999999999721
B,3,2016-10-21 07:40:00,2016-10-21 08:00:00,104.035,38.77066481245839,2,2.1299999999999812,1.0649999999999906
B,3,2016-10-21 15:00:00,2016-10-21 15:20:00,141.218,11.635874268829115,5,11.169999999999987,1.7300000000000182
B,3,2016-10-21 15:20:00,2016-10-21 15:40:00,110.20666666666665,35.4211271700944,9,20.580000000000013,1.8100000000000025
B,3,2016-10-21 15:40:00,2016-10-21 16:00:00,131.1341666666667,46.35988929674078,11,25.820000000000036,2.125
B,3,2016-10-21 16:00:00,2016-10-21 16:20:00,96.28555555555556,36.8702810916567,9,17.469999999999978,1.3499999999999943
B,3,2016-10-21 16:20:00,2016-10-21 16:40:00,110.0325,30.343294269786483,8,18.239999999999974,2.105000000000004
B,3,2016-10-21 16:40:00,2016-10-21 17:00:00,117.98857142857142,30.757024904115497,7,22.249999999999986,3.6500000000000057
B,3,2016-10-22 06:40:00,2016-10-22 07:00:00,116.595,16.561647462334975,4,7.859999999999985,1.8199999999999932
B,3,2016-10-22 07:00:00,2016-10-22 07:20:00,82.45,0.0,1,1.7099999999999935,1.7099999999999935
B,3,2016-10-22 07:20:00,2016-10-22 07:40:00,91.25666666666666,23.102827388294568,3,5.250000000000014,1.6599999999999966
B,3,2016-10-22 07:40:00,2016-10-22 08:00:00,111.5975,32.92380028186297,4,9.460000000000022,2.3400000000000034
B,3,2016-10-22 15:00:00,2016-10-22 15:20:00,105.3175,42.3469647672652,4,6.969999999999985,1.4799999999999969
B,3,2016-10-22 15:20:00,2016-10-22 15:40:00,81.858,24.453141311496157,5,12.630000000000003,1.1199999999999974
B,3,2016-10-22 15:40:00,2016-10-22 16:00:00,122.325,76.70915319134565,10,24.42000000000003,2.1200000000000045
B,3,2016-10-22 16:00:00,2016-10-22 16:20:00,98.95500000000001,33.960839294039175,10,22.69000000000001,1.4550000000000054
B,3,2016-10-22 16:20:00,2016-10-22 16:40:00,95.10000000000001,49.98620449684093,6,15.310000000000002,2.3200000000000003
B,3,2016-10-22 16:40:00,2016-10-22 17:00:00,124.97222222222223,24.216570658217577,9,34.69999999999999,2.5399999999999916
B,3,2016-10-23 06:20:00,2016-10-23 06:40:00,100.63,19.756563466352137,2,9.989999999999982,4.994999999999991
B,3,2016-10-23 07:00:00,2016-10-23 07:20:00,87.34,0.0,1,2.240000000000009,2.240000000000009
B,3,2016-10-23 07:20:00,2016-10-23 07:40:00,102.71999999999998,18.348479501037687,3,6.539999999999992,1.4199999999999875
B,3,2016-10-23 07:40:00,2016-10-23 08:00:00,107.13333333333333,47.99355408107773,3,6.869999999999983,2.4899999999999953
B,3,2016-10-23 15:00:00,2016-10-23 15:20:00,100.44000000000001,47.98558481460865,5,7.850000000000001,2.450000000000003
B,3,2016-10-23 15:20:00,2016-10-23 15:40:00,111.74285714285715,36.222497021549884,7,15.459999999999937,2.0300000000000007
B,3,2016-10-23 15:40:00,2016-10-23 16:00:00,106.37666666666665,48.44060796480573,9,19.780000000000015,1.8299999999999983
B,3,2016-10-23 16:00:00,2016-10-23 16:20:00,103.15,47.89987798639064,10,24.029999999999994,2.1600000000000037
B,3,2016-10-23 16:20:00,2016-10-23 16:40:00,149.42,5.64941589901116,3,10.799999999999983,2.75
B,3,2016-10-23 16:40:00,2016-10-23 17:00:00,101.33,28.319641152387508,9,18.630000000000003,1.6800000000000068
B,3,2016-10-24 06:00:00,2016-10-24 06:20:00,83.81,0.0,1,-2.9899999999999953,-2.9899999999999953
B,3,2016-10-24 06:20:00,2016-10-24 06:40:00,96.08333333333333,19.69382221239273,3,7.069999999999993,1.9199999999999875
B,3,2016-10-24 06:40:00,2016-10-24 07:00:00,107.52666666666669,20.218274736815037,3,9.430000000000009,3.550000000000012
B,3,2016-10-24 07:00:00,2016-10-24 07:20:00,107.095,9.425733393216676,2,2.720000000000013,1.3600000000000065
B,3,2016-10-24 07:20:00,2016-10-24 07:40:00,97.10249999999999,27.92029891793186,4,7.920000000000002,1.644999999999996
B,3,2016-10-24 07:40:00,2016-10-24 08:00:00,112.205,35.77253206022744,2,3.530000000000001,1.7650000000000006
B,3,2016-10-24 15:00:00,2016-10-24 15:20:00,127.51499999999999,9.454017664464134,2,8.04999999999997,4.024999999999985
B,3,2016-10-24 15:20:00,2016-10-24 15:40:00,76.67999999999999,20.07412430634688,4,8.209999999999987,1.3650000000000055
B,3,2016-10-24 15:40:00,2016-10-24 16:00:00,98.0,57.82739085704397,4,5.569999999999993,1.4400000000000013
B,3,2016-10-24 16:00:00,2016-10-24 16:20:00,65.32333333333334,24.63414919713418,6,3.8299999999999983,0.9200000000000017
B,3,2016-10-24 16:20:00,2016-10-24 16:40:00,82.29999999999998,24.86121075088661,5,6.780000000000015,1.0700000000000074
B,3,2016-10-24 16:40:00,2016-10-24 17:00:00,109.50874999999999,26.71824440206676,8,19.120000000000076,2.0100000000000193
C,1,2016-10-18 06:00:00,2016-10-18 06:20:00,145.35000000000002,28.736819587421323,2,32.360000000000085,16.180000000000042
C,1,2016-10-18 06:20:00,2016-10-18 06:40:00,136.225,2.5102290732122516,2,0.8199999999999932,0.4099999999999966
C,1,2016-10-18 06:40:00,2016-10-18 07:00:00,147.825,15.393714626431148,2,0.6599999999999966,0.3299999999999983
C,1,2016-10-18 07:00:00,2016-10-18 07:20:00,180.98000000000002,11.822825381439074,2,1.0699999999999932,0.5349999999999966
C,1,2016-10-18 07:20:00,2016-10-18 07:40:00,136.51,0.0,1,26.5,26.5
C,1,2016-10-18 07:40:00,2016-10-18 08:00:00,311.04,199.84251849894207,2,0.010000000000019327,0.005000000000009663
C,1,2016-10-18 15:00:00,2016-10-18 15:20:00,168.89666666666665,46.28931770217977,3,0.5099999999999625,0.37999999999999545
C,1,2016-10-18 15:20:00,2016-10-18 15:40:00,218.68666666666664,8.394285754805669,3,2.2399999999999807,0.6799999999999784
C,1,2016-10-18 15:40:00,2016-10-18 16:00:00,178.155,18.391847378662096,2,-0.37999999999999545,-0.18999999999999773
C,1,2016-10-18 16:00:00,2016-10-18 16:20:00,158.96333333333334,30.33853215522025,3,1.2100000000000364,0.410000000000025
C,1,2016-10-18 16:20:00,2016-10-18 16:40:00,181.915,42.05046690188667,4,3.0100000000000193,0.5799999999999983
C,1,2016-10-18 16:40:00,2016-10-18 17:00:00,196.35666666666665,60.35232997435421,3,1.4999999999999147,0.629999999999967
C,1,2016-10-19 07:00:00,2016-10-19 07:20:00,147.55333333333337,16.8946155130365,3,1.7900000000000205,0.460000000000008
C,1,2016-10-19 07:20:00,2016-10-19 07:40:00,128.375,8.619631662664013,2,0.1399999999999864,0.0699999999999932
C,1,2016-10-19 15:00:00,2016-10-19 15:20:00,246.94,0.0,1,0.9099999999999966,0.9099999999999966
C,1,2016-10-19 15:20:00,2016-10-19 15:40:00,202.37,17.465537495307718,2,0.5600000000000023,0.28000000000000114
C,1,2016-10-19 15:40:00,2016-10-19 16:00:00,204.094,41.466765366977924,5,2.759999999999991,0.460000000000008
C,1,2016-10-19 16:00:00,2016-10-19 16:20:00,275.365,66.39025568560496,2,1.5500000000000398,0.7750000000000199
C,1,2016-10-19 16:20:00,2016-10-19 16:40:00,171.0525,14.272160254612233,4,1.920000000000016,0.5699999999999932
C,1,2016-10-19 16:40:00,2016-10-19 17:00:00,181.54000000000002,39.25856849147713,2,0.839999999999975,0.4199999999999875
C,1,2016-10-20 06:20:00,2016-10-20 06:40:00,157.32,0.0,1,0.4300000000000068,0.4300000000000068
C,1,2016-10-20 06:40:00,2016-10-20 07:00:00,162.36249999999998,16.192445512233995,4,2.7099999999998943,0.5549999999999642
C,1,2016-10-20 07:00:00,2016-10-20 07:20:00,247.70499999999998,151.93603407355346,2,0.33000000000009777,0.16500000000004889
C,1,2016-10-20 15:00:00,2016-10-20 15:20:00,185.995,14.890745448096272,4,3.17999999999995,0.7650000000000006
C,1,2016-10-20 15:20:00,2016-10-20 15:40:00,141.70000000000002,14.690091898963736,3,0.9299999999999784,0.4000000000000057
C,1,2016-10-20 15:40:00,2016-10-20 16:00:00,181.55333333333337,37.50217371477729,3,1.7500000000000284,0.5700000000000216
C,1,2016-10-20 16:00:00,2016-10-20 16:20:00,163.09500000000003,29.10376207067854,4,0.7500000000000142,0.20500000000000543
C,1,2016-10-20 16:20:00,2016-10-20 16:40:00,167.46,6.002432840107422,3,0.8099999999999739,0.3400000000000034
C,1,2016-10-20 16:40:00,2016-10-20 17:00:00,194.36,59.48182243341236,2,136.73,68.365
C,1,2016-10-21 06:20:00,2016-10-21 06:40:00,182.47,0.0,1,1.2299999999999898,1.2299999999999898
C,1,2016-10-21 07:00:00,2016-10-21 07:20:00,184.695,32.2794245611659,2,60.53999999999999,30.269999999999996
C,1,2016-10-21 07:40:00,2016-10-21 08:00:00,168.555,56.886740546457744,2,-0.1299999999999954,-0.0649999999999977
C,1,2016-10-21 15:00:00,2016-10-21 15:20:00,290.935,25.858894987992077,2,0.42000000000007276,0.21000000000003638
C,1,2016-10-21 15:20:00,2016-10-21 15:40:00,212.3,17.80273012770795,4,1.580000000000041,0.4000000000000199
C,1,2016-10-21 15:40:00,2016-10-21 16:00:00,186.11,0.0,1,-0.10000000000002274,-0.10000000000002274
C,1,2016-10-21 16:00:00,2016-10-21 16:20:00,190.0925,57.585693463452074,4,5.0099999999999625,1.2999999999999972
C,1,2016-10-21 16:20:00,2016-10-21 16:40:00,207.064,73.15872764065816,5,2.990000000000009,0.6599999999999966
C,1,2016-10-21 16:40:00,2016-10-21 17:00:00,261.18,15.914816995491977,4,3.240000000000009,0.5749999999999886
C,1,2016-10-22 06:20:00,2016-10-22 06:40:00,96.81,0.0,1,0.3499999999999801,0.3499999999999801
C,1,2016-10-22 06:40:00,2016-10-22 07:00:00,165.575,16.100821407617694,2,1.960000000000008,0.980000000000004
C,1,2016-10-22 07:20:00,2016-10-22 07:40:00,131.62,0.0,1,0.18000000000000682,0.18000000000000682
C,1,2016-10-22 07:40:00,2016-10-22 08:00:00,187.74,0.0,1,0.5700000000000216,0.5700000000000216
C,1,2016-10-22 15:20:00,2016-10-22 15:40:00,184.87999999999997,16.993178042967717,5,2.6299999999999955,0.5299999999999727
C,1,2016-10-22 15:40:00,2016-10-22 16:00:00,245.56,0.0,1,0.11999999999997613,0.11999999999997613
C,1,2016-10-22 16:00:00,2016-10-22 16:20:00,222.29142857142855,49.56804361298767,7,136.63999999999996,0.3599999999999568
C,1,2016-10-22 16:20:00,2016-10-22 16:40:00,178.02,51.10335801099572,9,28.56000000000002,0.4799999999999898
C,1,2016-10-22 16:40:00,2016-10-22 17:00:00,242.56400000000002,71.42867722420736,5,144.37999999999997,0.7599999999998772
C,1,2016-10-23 06:00:00,2016-10-23 06:20:00,207.94,0.0,1,2.9800000000000177,2.9800000000000177
C,1,2016-10-23 06:40:00,2016-10-23 07:00:00,219.97,0.0,1,1.1699999999999875,1.1699999999999875
C,1,2016-10-23 07:00:00,2016-10-23 07:20:00,123.995,13.809795436573264,2,-0.15000000000000568,-0.07500000000000284
C,1,2016-10-23 07:20:00,2016-10-23 07:40:00,127.91,0.0,1,0.7199999999999989,0.7199999999999989
C,1,2016-10-23 07:40:00,2016-10-23 08:00:00,148.54333333333332,19.56447375559419,3,3.259999999999991,1.3500000000000227
C,1,2016-10-23 15:00:00,2016-10-23 15:20:00,160.53,27.104738823066832,4,2.8100000000000023,0.7349999999999993
C,1,2016-10-23 15:20:00,2016-10-23 15:40:00,206.22,46.502417448681406,8,6.669999999999931,0.9949999999999903
C,1,2016-10-23 15:40:00,2016-10-23 16:00:00,195.07666666666668,68.53067366758722,3,1.7600000000000193,0.9000000000000057
C,1,2016-10-23 16:00:00,2016-10-23 16:20:00,176.2266666666667,18.386691745208896,3,1.5300000000000578,0.2200000000000557
C,1,2016-10-23 16:20:00,2016-10-23 16:40:00,196.478,48.61060090144948,5,2.6999999999999886,0.5699999999999932
C,1,2016-10-23 16:40:00,2016-10-23 17:00:00,352.445,125.61559815564306,4,2.8600000000000705,0.6950000000000216
C,1,2016-10-24 06:00:00,2016-10-24 06:20:00,171.65,24.726888198881795,4,54.270000000000024,0.8100000000000023
C,1,2016-10-24 06:40:00,2016-10-24 07:00:00,138.84,0.0,1,0.2600000000000193,0.2600000000000193
C,1,2016-10-24 07:00:00,2016-10-24 07:20:00,176.685,44.742293563622034,4,0.6900000000000119,0.13000000000000256
C,1,2016-10-24 07:20:00,2016-10-24 07:40:00,235.79999999999998,71.51312536870418,3,1.1000000000000227,0.5099999999999909
C,1,2016-10-24 07:40:00,2016-10-24 08:00:00,272.82,46.456915523956184,2,112.15999999999997,56.079999999999984
C,1,2016-10-24 15:00:00,2016-10-24 15:20:00,168.85250000000002,22.25355009131502,4,2.5299999999999727,0.6249999999999858
C,1,2016-10-24 15:20:00,2016-10-24 15:40:00,202.63666666666668,49.48451912803976,3,41.010000000000026,0.44000000000002615
C,1,2016-10-24 15:40:00,2016-10-24 16:00:00,175.865,83.6860875534279,2,0.06999999999996476,0.03499999999998238
C,1,2016-10-24 16:00:00,2016-10-24 16:20:00,181.69333333333336,14.929759989140251,3,3.0500000000000114,1.0300000000000011
C,1,2016-10-24 16:20:00,2016-10-24 16:40:00,188.63666666666666,29.95349117103604,3,3.5200000000000102,1.2900000000000205
C,1,2016-10-24 16:40:00,2016-10-24 17:00:00,159.58333333333334,10.891475259731045,3,1.339999999999975,0.3400000000000034
C,3,2016-10-18 06:00:00,2016-10-18 06:20:00,139.53,0.0,1,2.4799999999999898,2.4799999999999898
C,3,2016-10-18 06:40:00,2016-10-18 07:00:00,104.42,0.0,1,1.0600000000000025,1.0600000000000025
C,3,2016-10-18 07:00:00,2016-10-18 07:20:00,182.0625,15.11345399525426,4,90.41000000000003,2.7949999999999875
C,3,2016-10-18 15:00:00,2016-10-18 15:20:00,164.61,0.0,1,1.9599999999999795,1.9599999999999795
C,3,2016-10-18 15:20:00,2016-10-18 15:40:00,146.6,40.91222189028604,3,3.8599999999999994,1.299999999999983
C,3,2016-10-18 15:40:00,2016-10-18 16:00:00,174.84,70.0459977443394,2,4.659999999999997,2.3299999999999983
C,3,2016-10-18 16:00:00,2016-10-18 16:20:00,171.98000000000002,41.866019634066,3,5.560000000000002,1.0699999999999932
C,3,2016-10-18 16:20:00,2016-10-18 16:40:00,219.825,101.19405145560685,2,2.4199999999999307,1.2099999999999653
C,3,2016-10-18 16:40:00,2016-10-18 17:00:00,176.0,0.0,1,77.52,77.52
C,3,2016-10-19 06:00:00,2016-10-19 06:20:00,126.74,0.0,1,1.9399999999999975,1.9399999999999975
C,3,2016-10-19 07:20:00,2016-10-19 07:40:00,98.03,0.0,1,1.9300000000000068,1.9300000000000068
C,3,2016-10-19 15:00:00,2016-10-19 15:20:00,275.57,0.0,1,3.160000000000025,3.160000000000025
C,3,2016-10-19 15:20:00,2016-10-19 15:40:00,150.1675,19.392249955416034,4,3.9099999999999966,0.8399999999999892
C,3,2016-10-19 15:40:00,2016-10-19 16:00:00,188.2425,9.820768384737855,4,15.879999999999967,2.984999999999999
C,3,2016-10-19 16:00:00,2016-10-19 16:20:00,166.07,0.0,1,4.560000000000001,4.560000000000001
C,3,2016-10-19 16:20:00,2016-10-19 16:40:00,155.71333333333334,29.389585456983458,3,5.299999999999997,0.8600000000000136
C,3,2016-10-19 16:40:00,2016-10-19 17:00:00,177.3,0.0,1,1.080000000000041,1.080000000000041
C,3,2016-10-20 06:00:00,2016-10-20 06:20:00,157.02,0.0,1,2.8300000000000125,2.8300000000000125
C,3,2016-10-20 07:00:00,2016-10-20 07:20:00,92.89,0.0,1,0.9099999999999966,0.9099999999999966
C,3,2016-10-20 07:20:00,2016-10-20 07:40:00,717.25,0.0,1,1.8500000000000227,1.8500000000000227
C,3,2016-10-20 07:40:00,2016-10-20 08:00:00,179.64,0.0,1,2.1100000000000136,2.1100000000000136
C,3,2016-10-20 15:00:00,2016-10-20 15:20:00,148.005,23.893138136293434,2,45.21000000000003,22.605000000000015
C,3,2016-10-20 15:20:00,2016-10-20 15:40:00,142.73,0.0,1,0.5799999999999841,0.5799999999999841
C,3,2016-10-20 15:40:00,2016-10-20 16:00:00,141.8875,24.925267467638808,4,7.389999999999972,1.8099999999999952
C,3,2016-10-20 16:00:00,2016-10-20 16:20:00,164.89499999999998,28.786317062104356,2,3.3899999999999864,1.6949999999999932
C,3,2016-10-20 16:20:00,2016-10-20 16:40:00,147.22,0.0,1,1.079999999999984,1.079999999999984
C,3,2016-10-20 16:40:00,2016-10-20 17:00:00,164.045,23.20140441151498,4,11.630000000000052,1.8800000000000239
C,3,2016-10-21 06:40:00,2016-10-21 07:00:00,237.13,0.0,1,1.4099999999999966,1.4099999999999966
C,3,2016-10-21 07:00:00,2016-10-21 07:20:00,138.07999999999998,0.0,1,3.2799999999999727,3.2799999999999727
C,3,2016-10-21 07:20:00,2016-10-21 07:40:00,189.71,36.12834344389458,3,85.68,3.2600000000000198
C,3,2016-10-21 15:00:00,2016-10-21 15:20:00,184.32333333333335,90.2022404747613,6,13.770000000000039,1.2950000000000088
C,3,2016-10-21 15:20:00,2016-10-21 15:40:00,190.87,40.68692418947394,2,4.979999999999961,2.4899999999999807
C,3,2016-10-21 15:40:00,2016-10-21 16:00:00,99.47,0.0,1,1.8199999999999927,1.8199999999999927
C,3,2016-10-21 16:00:00,2016-10-21 16:20:00,192.83571428571432,70.96988348521339,7,11.450000000000102,1.6700000000000157
C,3,2016-10-21 16:20:00,2016-10-21 16:40:00,128.54999999999998,17.613298952779974,3,5.790000000000006,1.8999999999999917
C,3,2016-10-21 16:40:00,2016-10-21 17:00:00,179.665,60.278810815520686,4,9.840000000000018,2.210000000000001
C,3,2016-10-22 06:40:00,2016-10-22 07:00:00,98.62,0.0,1,0.7399999999999949,0.7399999999999949
C,3,2016-10-22 07:20:00,2016-10-22 07:40:00,169.53,0.0,1,1.380000000000024,1.380000000000024
C,3,2016-10-22 15:20:00,2016-10-22 15:40:00,256.4,0.0,1,1.589999999999975,1.589999999999975
C,3,2016-10-22 15:40:00,2016-10-22 16:00:00,294.565,110.40058174665566,2,108.75999999999996,54.37999999999998
C,3,2016-10-22 16:00:00,2016-10-22 16:20:00,223.70666666666662,14.977454167292024,3,6.290000000000049,2.2700000000000387
C,3,2016-10-22 16:20:00,2016-10-22 16:40:00,170.0,0.0,1,3.4300000000000064,3.4300000000000064
C,3,2016-10-22 16:40:00,2016-10-22 17:00:00,121.43,0.0,1,2.9399999999999977,2.9399999999999977
C,3,2016-10-23 07:00:00,2016-10-23 07:20:00,211.32,0.0,1,3.969999999999999,3.969999999999999
C,3,2016-10-23 07:20:00,2016-10-23 07:40:00,142.34,0.0,1,2.4899999999999807,2.4899999999999807
C,3,2016-10-23 15:00:00,2016-10-23 15:20:00,163.57999999999998,51.65599577977371,3,4.899999999999949,1.450000000000017
C,3,2016-10-23 15:20:00,2016-10-23 15:40:00,151.95000000000002,9.72329162372498,3,4.850000000000023,1.3900000000000148
C,3,2016-10-23 15:40:00,2016-10-23 16:00:00,172.49,45.9211084360994,4,9.929999999999993,1.985000000000007
C,3,2016-10-23 16:00:00,2016-10-23 16:20:00,224.2925,81.86153487240921,4,15.670000000000071,1.5750000000000173
C,3,2016-10-23 16:20:00,2016-10-23 16:40:00,197.32333333333335,30.31359485995241,3,5.880000000000024,1.960000000000008
C,3,2016-10-23 16:40:00,2016-10-23 17:00:00,135.46333333333334,39.642860475332334,6,9.059999999999931,1.0249999999999986
C,3,2016-10-24 06:20:00,2016-10-24 06:40:00,113.94,0.0,1,1.8100000000000025,1.8100000000000025
C,3,2016-10-24 06:40:00,2016-10-24 07:00:00,207.33,0.0,1,2.9500000000000175,2.9500000000000175
C,3,2016-10-24 07:00:00,2016-10-24 07:20:00,164.3725,35.341197277398514,4,8.120000000000033,2.280000000000001
C,3,2016-10-24 07:20:00,2016-10-24 07:40:00,292.92,0.0,1,207.33,207.33
C,3,2016-10-24 15:00:00,2016-10-24 15:20:00,183.315,20.24289257986615,4,13.079999999999984,2.864999999999995
C,3,2016-10-24 15:20:00,2016-10-24 15:40:00,144.675,42.80117346522172,2,6.24000000000001,3.120000000000005
C,3,2016-10-24 15:40:00,2016-10-24 16:00:00,203.965,72.49056566202252,6,242.71999999999989,1.6999999999999817
C,3,2016-10-24 16:00:00,2016-10-24 16:20:00,159.36666666666667,26.745736731922968,3,7.819999999999993,2.3999999999999773
C,3,2016-10-24 16:40:00,2016-10-24 17:00:00,159.80999999999997,47.729771631550875,3,5.640000000000015,1.7800000000000296
